date,C_AUD,C_CAD,C_NZD,C_NOK,C_ZAR,C_BRL,C_CLP,C_RUB,C_MXN,C_PEN,C_MYR,C_IDR
1995-01-31,-0.001303271210738921,-0.006995477671000505,0.011133761957033084,0.023654037136236372,0.0056556287645275205,-0.008225616921269108,-0.009096496619544814,,-0.02959094865100098,-0.002064693737095724,-0.0034357552805217573,-0.010583201981536172
1995-02-28,-0.03745269476706237,0.013463191062732749,-0.015508684863523636,0.027552724349063196,-0.015588898477298385,0.005316007088009611,-0.015728977616454642,,-0.003469210754553198,-0.012236573759347502,0.0029368000626519564,0.0022568269013774067
1995-03-31,-0.01843817787418678,-0.00520054142623072,0.021581600504095633,0.04746943072313514,0.0011147339966000036,-0.06515737161789059,0.01635514018691553,,-0.15282880235121254,-0.024104378593542752,0.0078932828163234,-0.007836990595611715
1995-04-30,0.005801104972375404,0.03008732663095337,0.030069390902081716,-0.006995818591186809,-0.00883904648786038,-0.012002182214948198,0.04497558468260032,,0.16027280477408334,0.0024384837064952425,0.026869300911854355,0.0008964589870013029
1995-05-31,-0.01153529250205998,-0.0046746037542911845,-0.005538922155688408,-0.009241555130656276,-0.016169357030273557,0.01103143960286812,0.03059197457290419,,-0.048661800486617945,0.003782821539830783,0.0010141987829614951,0.002021109364473528
1995-06-30,-0.008613503751041973,-0.0052314175688442655,0.009182598223693939,0.014155516773318277,0.009741239744258223,-0.011989100817438425,0.009357037829167414,,-0.021428571428571352,0.008075370121130465,0.011199081101037622,-0.0016814258491204548
1995-07-31,0.035313901345291665,0.013475699558173737,0.0058174224343674474,0.007226562500000089,0.0026136238582590288,-0.018926432848588748,-0.023368146214098884,,0.033634126333059955,-0.004910714285714213,-0.006156229615133624,-0.002571556350626114
1995-08-31,0.019220357336220628,0.015630842868895156,-0.03588907014681897,-0.0470725087243119,-0.006640977289497529,-0.01537165719098732,-0.0322173089071387,,-0.03560126582278478,0.0011173184357544663,-0.01860520945864863,-0.012367491166077937
1995-09-30,-0.005444887118193575,-0.008159632074772216,0.009844639286263668,0.025284249025999683,0.003290285432260953,-0.005236698785085703,-0.0061526870919140775,,-0.010954616588419341,-0.005555555555555869,-0.0076235854675400505,-0.00022079929344243077
1995-10-31,0.0,-0.013320647002854291,-0.0010662604722008195,0.019371048792349077,0.0033839551006933366,-0.006761676895870372,-0.036884750272100586,,-0.0596026490066226,-0.0050851204952465645,-0.005331753554502439,-0.0013230429988965176
1995-11-30,-0.00013352917612485804,0.005519576096556067,-0.0013723696248854056,-0.02504938759383657,-0.007237866331630927,-0.0029042630432527528,0.0010895883777246596,,-0.089752176825184,-0.022899114279541943,-0.004247286455875354,-0.00591845681718528
1995-12-31,-0.0006677350427347628,-0.0004413711931734454,-0.000916170407695649,0.0017256118798087972,0.0027387505819844726,-0.0065945388974756325,0.013372592319959908,,-0.022265880812049832,-0.003873466752743915,0.0007871536523931244,-0.0030594405594410734
1996-01-31,-0.004677268475210439,-0.01206395348837197,0.028121656732385647,-0.030169965147164857,0.00041098142363971135,-0.00777016664962682,-0.009599027946536332,,0.02759084791386268,-0.013794567062818452,-0.007577533005233894,-0.0015273838097316084
1996-02-29,0.024033297529537867,-0.000435856457940087,-0.004310985580496585,0.021646719267148562,-0.0430519140010488,-0.005187144019528134,-0.00230330949205948,,-0.01556806889698581,-0.0012717253073336598,0.005498389757285782,-0.009509401339960921
1996-03-31,0.023075914514225415,0.010015040903921912,0.020453866825917988,-0.014111515770102279,-0.04223795891718174,-0.004807935624272397,0.0009707559762166529,-0.005771410903843921,0.0007610955532924013,0.0015284028190540866,0.001061529388637572,-0.009746305007555689
1996-04-30,0.005510701012431118,0.0018008085262770646,-0.0033650329188001926,-0.01112538422718734,-0.06564992961051108,-0.003278853914447044,0.012283503255128503,-0.018411734951947367,0.014359112306657762,-0.005740818910932921,0.01739999999999986,0.0033369121752202524
1996-05-31,0.019245475401478362,-0.00874316939890718,0.0068995889606575656,-0.009992278693736645,-0.028050171037628413,-0.005318615153035666,-0.003915330967820818,-0.017102515660733952,0.0035769723965712874,-0.02026468155500416,-0.0005197297405350465,-0.0012867252841517463
1996-06-30,-0.01087907965487045,0.008968609865470878,-0.005685960052485672,0.011562729723107346,0.011417368238957115,-0.007470119521912233,-0.0034749740901057757,-0.01324568288854,-0.02615839631942163,-0.013463892288861579,0.0020029643872931935,0.0017185821697101034
1996-07-31,-0.02288242730720602,-0.010259022118742966,0.011143695014662613,0.025328580625912922,-0.03815862451469776,-0.0062357715530040325,-0.002129212799610092,-0.021787119685190537,0.0014480352794048468,-0.007089325501316801,0.0003205770386700557,-0.010206251328938598
1996-08-31,0.023159529046448357,0.005486868095690989,0.004495359628770013,-0.005357198638053284,-0.0005543237250555944,-0.005708099596496541,0.0007305491294287147,-0.030520145156788026,0.013812892032563528,0.00020259319286863864,0.0003607792832516221,0.004485262708244786
1996-09-30,0.00037936267071359,0.0002927186242223101,0.00952793417063691,-0.005776576912326248,-0.0005540166204986985,-0.004018819839247345,-0.002671523982999191,-0.004354270891235856,-0.005045810649316085,-0.017711442786069842,-0.0028380701123237317,0.009704550355833286
1996-10-31,0.001011250158007737,0.018787743234175647,0.009295009295009038,0.01132276960283951,-0.048096192384769476,-0.007201245620864216,-0.02092497919391223,-0.011085661933119328,-0.05508155583437879,-0.018746338605741042,-0.010207715133531137,-0.004080756013745579
1996-11-30,0.024624321252683323,-0.0033437360677663897,0.0039671294984415795,-0.005388772609415282,0.04175365344467652,-0.0045529400368109485,0.0014287415168465767,-0.00970785701324639,0.01103640745908896,-0.013484877672895301,0.000593824228028561,-0.006825938566553003
1996-12-31,-0.01860981020458463,-0.014354767833601678,-0.001128986734405979,-0.010784919653894054,-0.03026105487480013,-0.006544124723318223,-0.007796810395746756,-0.008456279237135433,0.006704552710554701,0.006788207913110744,-0.00039572615749883244,-0.008250475989000083
1997-01-31,-0.03239984930302653,0.016603380239743837,-0.025713478383724286,-0.012285387256772085,0.0284931506849313,-0.005741077408860318,0.0075581741355710275,-0.013489527866524798,-0.0011480324000249231,-0.021631878557874518,0.012419871794871806,-0.0033733923676990685
1997-02-28,0.008046722907202986,-0.01669229079727652,0.0076856148491879495,-0.024286735362439638,0.028748590755355297,-0.005897460287263345,0.017993456924754625,-0.006787130894667315,0.007130010277492271,-0.005097224844251458,0.0038206314096120852,-0.0077405857740585615
1997-03-31,0.008497489378138434,-0.006112202575856873,-0.0021585839689163278,0.0037065821725352777,0.0024864376130195875,-0.009235698803128911,-0.005303121610220507,-0.009083762774041437,-0.016550852811118122,0.0015125732652676582,0.001934158036829725,-0.005202913631634054
1997-04-30,-0.0020426401123453397,-0.01674179008370913,0.00014421690222099492,-0.060386473429951626,-0.005060159676149922,-0.0023505077096653837,-0.010730893048765733,-0.00633570560666552,-0.004715498270984053,-0.007692307692307887,-0.011274900398406396,-0.011316872427983404
1997-05-31,-0.024050147115261433,0.011360347322720843,-0.004614275414563829,0.007014368141192273,-0.005924435501900138,-0.008483266523725108,0.0009547678720613906,-0.0006938421509107284,0.005436500410898493,0.0009389671361501595,-0.00039824771007557214,-0.004914004914005177
1997-06-30,-0.015074059509765592,-0.0098868032669438,-0.006953498478922349,-0.02475623043292363,-0.0074337068678576035,-0.003529958197863503,0.005037783375313909,8.673779165579987e-05,-0.004781377791758468,0.004716981132075304,-0.0047562425683710385,0.004731536720839369
1997-07-31,-0.008650519031141779,0.01093648149489379,-0.050911743253100106,-0.048139785228555554,-0.01883300674940125,-0.00600184672206816,0.0007202016564642477,-0.007318753228861996,0.024690562145435635,-0.002822201317027151,-0.04195936966014813,-0.05867544539116987
1997-08-31,-0.004967109679151704,-0.008117816091953833,-0.010913003381494035,0.01581586387155287,-0.021725239616613545,-0.007969222313822244,0.003734939759036493,-0.003688770695719268,6.447037586254645e-05,0.0007531538316702946,-0.07025595763459813,-0.1081174438687389
1997-09-30,-0.02738801942795477,0.0025207057976233127,-0.007303807303807197,0.04309361524551392,0.0009593859929648563,-0.0031047392932153084,0.0013270599589811916,-0.006900664508433962,-0.009514687100894204,0.005109765329295968,-0.06902218570254737,-0.03980099502487644
1997-10-31,-0.021362186156193563,-0.007718144786678982,-0.01894176581089546,0.017623327907141162,-0.024133985228336763,-0.005990741581192505,-0.0014456089627749025,-0.0039035980991173336,-0.029138251704897478,-0.01966604823747664,-0.10382916053019142,-0.17283950617283872
1997-11-30,-0.031892274982281976,-0.017690417690417792,-0.013243976384235023,-0.018001112037809297,-0.009887733031208046,-0.007298612362587886,-0.0424501095858808,-0.005485694995358337,-0.017422027290448394,-0.010646108663729836,-0.03138373751783141,-0.004098360655738209
1997-12-31,-0.04597364568081996,-0.004611837048424272,-0.060963777490297466,-0.0241983614562421,-0.0024658378711601703,-0.005644655496819362,-0.01151653363740035,-0.012171738224260209,0.01810965021086597,-0.0007336757153337814,-0.099550417469493,-0.33393994540491423
1998-01-31,0.040208717004296846,-0.018651854899540576,0.02221456862407445,-0.015490625500774069,-0.01037112353838332,-0.005878685312193932,-0.02652902652902689,-0.008923407419648144,-0.037717832418238784,-0.01321266968325785,-0.1062613367621058,-0.5221739130434776
1998-02-28,-0.017556801416346857,0.02531111579835499,-0.02796495956873324,-0.014347013451970425,-0.00425230333097093,-0.005932353462015372,-0.007928642220019544,-0.0005780346820809523,-0.023429304114698568,-0.018126888217522508,0.16529765886287628,0.2169312169312161
1998-03-31,0.006907944135756017,0.0071519614785438,-0.023916811091854284,0.004774311295676847,-0.006637835663280689,-0.005459668897498937,0.006204986149584979,-0.005910359546872468,0.006216279615294473,-0.0007103534008167101,0.041086350974930186,0.12835820895522443
1998-04-30,-0.033407904548844014,-0.017189783561834537,-0.019176136363636243,0.014190865803768604,-0.015252055065861136,-0.008122980172941108,-0.003313086692435019,-0.0032238532410361342,0.003117830460615645,-0.004067916519278403,-0.040106951871657914,0.027607361963191135
1998-05-31,-0.04104304891220467,-0.013456917267421598,-0.03439536567704571,-0.014826169113468901,-0.02065955383123186,-0.0050404101851044825,-0.005491488193301142,-0.012491919844860977,-0.042849099099099175,-0.009807355516637473,-0.027940220922677228,-0.22380952380952346
1998-06-30,-0.020595333869670163,-0.00972259994560798,-0.029808773903262087,-0.002254509018036477,-0.05195402298850582,-0.0042402215299410795,-0.0019730351857942807,-0.005064715813168252,-0.004484304932735217,-0.034167794316644295,-0.02533248891703599,-0.2929292929292938
1998-07-31,0.003614259898143679,-0.0211633169173433,-0.008115942028985579,0.006355398107975807,-0.12015986796330147,-0.006619100833834879,-0.02061191626409009,-0.009239346873755494,-0.0011757460388559515,0.01198219787743926,-0.04193869378443327,0.12329803328290523
1998-08-31,-0.06122114912424281,-0.037226885371948626,-0.044418468731735716,-0.058475952529669195,-0.03133228840125368,-0.007169070581206749,-0.015847860538826808,-0.23534660693213327,-0.09034886681945509,-0.018646060809676013,-0.02137614896800699,0.18035714285714355
1998-09-30,0.032781168265039184,0.02260516315030814,0.020387359836900876,0.08147907969575385,0.08503401360544194,-0.011390482618967357,0.012841091492776568,-0.32920144589786426,-0.03655544651619236,-0.025216964139512243,0.10797368421052611,0.04672897196261516
1998-10-31,0.04136417356069555,-0.010887880751782264,0.04715284715284729,-0.0014569590027923018,0.023498694516971286,-0.005704697986577245,0.00841696341858178,-0.05544081466871409,0.003446578040374515,-0.0026130981544993936,-0.3001841620626149,0.3986928104575176
1998-11-30,0.037775616083008945,-0.003423109216560194,0.014310246136233218,-0.013980153768389902,0.01153270534378037,-0.005423445974134022,-0.008982996470965565,-0.06128189415041774,0.022504153451139874,-0.014961389961389737,0.0,0.01661129568106312
1998-12-31,-0.042337134822683864,-0.0018051705241443061,-0.011098570353649362,-0.009186161449752706,-0.0324531516183989,-0.007946362056121314,-0.012044374009508085,-0.1472680034527335,-0.0003522898842477362,-0.015365119594487497,0.0,-0.07098765432098764
1999-01-31,0.026916802610114532,0.020460526315789318,0.021685371885105775,0.017746002789998938,-0.023700623700623757,-0.3607936507936508,-0.016827672172016306,-0.08795497745016312,-0.02382706951608915,-0.051760394136024845,0.0,-0.11232876712328732
1999-02-28,0.003653693407466463,0.01380644300673639,-0.010612548873580319,-0.05654264743103021,-0.029459241323648078,-0.05735660847880297,-0.027379268539099222,0.00457018697287781,0.024099416381565764,-0.027377647918188308,0.0,0.03546099290780114
1999-03-31,-0.0004748338081673742,-0.008923849814912788,0.003575461046293249,0.022409688438049802,0.0016168148746966704,0.16909620991253593,0.020938628158845063,-0.0811837957143754,0.043250052487928015,0.02716086434573839,0.14315789473684193,0.01585014409221941
1999-04-30,0.034837688044339066,0.024515779493430978,0.031689480592536956,-0.008746953956649484,0.0227366680446468,0.010011778563015383,-0.001544799176106948,0.015637286758732438,0.02507263531690551,-0.0008995502248876353,0.0,0.01879036993540728
1999-05-31,-0.007345065034429887,0.0022398696803094253,-0.031624863685932536,-0.006878104700038246,-0.03522486160521998,-0.01736111111111094,-0.021859574896745726,0.005513990408001046,-0.04047496128033046,-0.002094554159186135,0.0,0.05123456790123515
1999-06-30,0.020348389085864005,-0.004594284169988305,-0.005442942942942897,-0.002731025722451097,0.03874388930317396,-0.02538071065989833,-0.04114749348015079,0.009482584820690754,0.02508467400508052,0.0019487333233398907,0.1255924170616114,0.17647058823529393
1999-07-31,-0.0262879589061793,-0.020255510690408318,-0.011134176259671613,0.0013992240666536038,-0.018780487804877954,-0.011154489682096869,0.007199143885592063,0.00032993786032786687,0.0063911376224967675,0.0009002250562641922,0.0,0.0065789473684207955
1999-08-31,-0.0187742435996896,0.009893709472558188,-0.016984732824427584,-0.008075200302820051,0.00712355686563515,-0.0774376125546693,-0.003103481718552792,-0.02524663316582898,0.009136837579275303,-0.010099509876726698,0.0,-0.0880000000000003
1999-09-30,0.033364958886780594,0.02192922530400332,0.0025237817899435022,0.02106415872197931,0.0164794007490634,0.011712649661634433,-0.02937023439706332,-0.01034374789884518,-0.005558524853019331,-0.027304247327361808,0.11052631578947358,-0.10287081339712845
1999-10-31,-0.015302218821729219,-0.005840804129312649,-0.016460108443067334,-0.007201053937556878,-0.023869101780839896,-0.0378161783120462,-0.029419826404750604,-0.03605023969319243,-0.030770824699544286,-0.006886657101865423,0.0,0.22490842490842478
1999-11-30,-0.016161616161616044,0.0027923448886468805,0.006497341996455797,-0.023383923552557695,0.003734812036206847,0.03499222395023316,0.009406990685234984,-0.013618309059958422,0.03406899507178096,-0.0005735589331802293,0.0,-0.03940886699507462
1999-12-31,0.026851998104564956,0.012411225263738723,0.01897496087636963,-0.004464396746834853,-0.004351850348310093,0.06222466960352402,0.02514890800794123,-0.03855246408437907,-0.020669394607071623,-0.005135520684735995,0.0,-0.0028070175438600353
2000-01-31,0.000615289955391729,0.008343182924285708,-0.026876559800345534,-0.003148708285813817,-0.001491690312120153,0.01993821960123565,0.023613664956933622,-0.038888403390719306,0.0022082018927447322,0.0024310024310025824,0.0,-0.04362416107382472
2000-02-29,-0.0450422751729439,-0.01735328277652526,-0.03945551390806867,-0.010548523206751481,-0.023155994108050804,-0.005307262569832494,0.01802955665024686,-0.007200765990201474,0.01062699256110533,0.01171875,0.0,0.000671591672263272
2000-03-31,-0.014005151320025666,0.006048525671867422,0.031012528239885206,-0.03619813216692258,-0.0330500038287771,0.029031330842196112,0.013277428371768263,0.014969707643536667,0.02060737527114931,-0.0034602076124563563,0.0,-0.015862524785195453
2000-04-30,-0.035755102040816444,-0.01329264157341481,-0.028087649402390502,-0.03973209217845397,-0.03772750718443718,-0.030379041248606464,-0.024919692397547766,-0.0033347387518828375,-0.019670388091440505,-0.006018916595012969,0.0,-0.05437499999999995
2000-05-31,-0.034033186589908726,-0.01549041864191758,-0.0639475302316046,-0.017050146175991543,-0.025771715721464528,-0.01725554642563687,-0.01919037616956265,0.008229363146398105,-0.010780962398106997,-0.005982905982906073,0.0,-0.06868451688009303
2000-06-30,0.05381244522348805,0.009027824563767606,0.019268666520692035,0.037065324307122394,0.022460364063417337,0.003573391973612061,-0.021761464462500824,0.007039745870520697,-0.04524000803374162,0.0048668766103636685,0.0,-0.01036866359447075
2000-07-31,-0.01696606786427146,0.012897502388426574,-0.008807733619763836,-0.00609580769451934,-0.0191504679625627,0.014500836586725852,-0.033053373069628855,0.014280554692897685,0.06354800811705652,0.005324507123327216,0.0,-0.04562946673996715
2000-08-31,-0.032318104906937206,-0.008525033829499318,-0.07217165149544846,-0.03781456807064898,-0.0019687585324847934,-0.018341089515466535,-0.019307412983792682,-0.004391692462745733,0.01617104406338199,0.0003454927590478274,0.0,0.0879186602870825
2000-09-30,-0.03881797517048424,-0.01176785236694311,-0.031768278439616715,-0.009308087840282586,-0.038189357290946746,-0.012168739859383604,-0.004584325134443512,0.00039609664758177843,-0.021036974075648418,-0.0064362949825503835,0.0,-0.05483323911814719
2000-10-31,-0.05657631435328381,-0.015599289146317363,-0.03691194209891435,-0.04655830240944947,-0.05362982341399625,-0.03972994027525312,-0.01630387650680798,-0.005550027053651374,-0.022028262676641597,-0.0037617554858931923,0.0,-0.011179429849076716
2000-11-30,0.010219822599305983,-0.014401556925072945,0.013777555110220607,0.022990964016467386,-0.015517352391989925,-0.01810300866904646,-0.0055196205260886755,0.0005370642399056269,0.023231088193078397,-0.006089788981730959,0.0,-0.05742887249736628
2000-12-31,0.06527963351784671,0.020387899649169317,0.09562638991845795,0.05285971628011743,0.030385457440456065,-0.0007643312101911492,0.010633661640372605,-0.01773676499622212,-0.017702349869451184,-0.0005661712668080243,0.0,0.004232804232803922
2001-01-31,-0.015946962909872964,0.006127206127205742,-0.0015787099684259065,0.004921649601176359,-0.030288603816312265,-0.00607748797163854,0.020820357683068336,-0.0020724169417716265,-0.011051435653791075,0.0002831657935722376,0.0,0.0
2001-02-28,-0.04552075746540418,-0.01914031878756184,-0.031850011294330516,-0.011906092789267464,0.0059409785141077975,-0.033765598238316485,-0.02107830328368654,-0.006836414370421928,-0.002369912416280151,0.0022704697034197086,0.0,-0.04085257548845367
2001-03-31,-0.057802365509347364,-0.026084743606056615,-0.044097060195986804,-0.015659216709033363,-0.03389978867339416,-0.03631219052110346,-0.0290909090909095,-0.003856364913090271,0.016230366492146597,0.000852151682999791,0.0,-0.051732435033687074
2001-04-30,0.022474185057703933,0.018863032345887154,0.0012204051745179356,-0.001351707767374588,-0.013921085080147444,-0.07462360898974485,-0.022646499710719636,-0.00408318768233773,0.024128686327077764,-0.022354901416273276,0.0,-0.13308302044221954
2001-05-31,0.01742574257425722,0.0001296596434361419,0.017552413456850324,-0.014426826098258072,0.018946627801788685,-0.02881966518330159,-0.00884738264929974,-0.008372510850808479,0.01856908793009282,-0.004148230088495408,0.0,0.05177709521720186
2001-06-30,0.0075905021409108375,0.01701061515131541,-0.006468615237182562,0.004777503292014762,-0.009556993529118873,0.012226512226512387,-0.02383046781287468,0.00018841698841698395,0.01272123893805266,0.027418667424350396,0.0,-1.1102230246251565e-16
2001-07-31,-0.018736720108170735,-0.012886430198503218,-0.004581625271280587,0.007654264126942367,-0.020430055097761968,-0.06498194945848368,-0.05927931994282676,-0.0037776954929209516,-0.013423551238677556,0.006923583097302011,0.0,0.13383084577114324
2001-08-31,0.04251968503937009,-0.004986400725294771,0.06928294573643412,0.029383212173206497,-0.015032177504562205,-0.021777516185992107,0.013572245520395931,-0.0039507560277889375,0.00202307397889423,0.0035314384151596823,0.0,0.09836065573770436
2001-09-30,-0.07533987915407836,-0.01812170153239645,-0.08269143633892173,0.012214490567762581,-0.061289813583391806,-0.0663125114489832,-0.056678414730633175,-0.0015301438335202366,-0.04065253881661757,0.00014357501794659555,0.0,-0.050337311883755564
2001-10-31,0.030426791913416462,-0.008760872305559109,0.01975796492961246,-0.014592129707819756,-0.05884973587627551,0.015250139482982927,-0.02380283668024208,-0.010830113628910842,0.03026372676178135,0.012501817124582315,0.0,-0.08019093078758921
2001-11-30,0.030717399920729083,0.0008200340629533898,0.0026640833131506003,-0.009888296804976382,-0.04461064493899236,0.08036970062286497,0.053324458250130435,-0.007139806290175854,-0.0022646392753153943,0.0012226006462319194,0.0,0.007211538461537215
2001-12-31,-0.02288021534320339,-0.008443832874655888,0.0026570048309180194,-0.01346149616171377,-0.17252830188679247,0.07216716932356704,0.022149984880555973,-0.008286142833628829,0.020356514084507005,-0.002670924662505736,0.0,0.020858895705521352
2002-01-31,-0.003935458480912812,0.004649993716224987,0.0004818116116600546,0.0012222650443212135,0.04103011785246635,-0.046817248459958716,-0.0229706773026076,-0.016769787290715654,-0.012066528970540391,-0.010712849675454938,0.0,-0.01331719128329234
2002-02-28,0.017977084156460155,-0.01118429228283857,0.008668432458463826,0.017546415085883282,0.004269570325171168,0.022250209907640706,0.0035579275072268324,-0.008148942423528038,0.012035733145572713,0.002158708228995998,0.0,0.013994598575987283
2002-03-31,0.023287405394915695,0.010675709620698415,0.040105037001670896,0.010038251737171988,-0.004251418594500289,0.022098262175498817,0.01719068084143882,-0.005067480719794126,0.008152083495081452,0.00797841476151806,0.0,0.05408902691511397
2002-04-30,0.027498577659776258,0.015237488045903635,0.026394308010098788,0.034768657852516816,0.046118721461187784,-0.011033312115425686,0.014068353849682191,-0.0013795210279884396,-0.028542182954423012,0.0037274315666864233,0.0,0.0359249329758724
2002-05-31,0.042266519010704995,0.022423570823284056,0.06708407871198574,0.07499118787451575,0.11563932755985751,-0.065437239738251,-0.00045854031333492085,-0.0054890714820720055,-0.03473738949557981,-0.009803921568627416,0.0,0.053672316384181684
2002-06-30,-0.0031875332034709825,0.009409132780628937,0.016345347862531057,0.06414103525881454,-0.04751276129107418,-0.11401967673928315,-0.07284064337844542,-0.004606416772553912,-0.03979627502871119,-0.011768728806314632,0.0,0.019585253456219975
2002-07-31,-0.0330431693018296,-0.04071198636621853,-0.03319587628865961,-0.020187436011865456,0.006701836654943172,-0.20691096558450628,0.0011349932609772129,-0.0016583001107749462,0.02053607827150472,-0.008111927642735717,0.0,-0.04241822494346015
2002-08-31,0.013411721477126548,0.01707645888168452,0.0019193857965453809,0.013367739189422911,-0.03361027190332355,0.15016025641025665,-0.010736842105263156,-0.0018991975573787734,-0.00803720365970828,-0.02056861279517197,0.0,0.020087778528021794
2002-09-30,-0.013415518491660672,-0.0152358073081299,0.0008514261387824185,0.0046235050444305426,0.0006613131790269566,-0.16977115486961147,-0.044457855562260895,-0.001981045648396962,-0.0371361822252505,-0.006873230143238485,0.0,-0.012666666666667381
2002-10-31,0.014516721793458531,0.010218418699706078,0.024457677584006854,-0.002053634533064619,0.049318463444857574,0.008452971957600752,0.01594114040465966,-0.004403208051580121,0.004989238896497605,0.008120842572061804,0.0,-0.02460171236588171
2002-11-30,0.0065205578699512046,-0.006472081218273917,0.021590201370147222,0.019301608014245186,0.09124837732583302,0.03701127034924179,0.038045399900997534,-0.0017986147934735408,0.006052851729737574,0.018058690744920947,0.0,0.028077994428967523
2002-12-31,0.012956631275867991,0.017627687738103193,0.049989839463523866,0.04450975381207889,0.037311339280704514,0.025249643366619168,0.0011327433628312011,0.0013294561458665477,-0.003677191606197061,0.013585013585013295,0.0,0.009561304836896767
2003-01-31,0.049742405400603484,0.015407815368476241,0.0628991677956261,0.02515064186533955,0.03634143505058729,-0.03695562577277112,-0.044316644113666315,-0.00031395358703800724,-0.07274049827241325,-0.0006859298636714417,0.0,0.00451977401129966
2003-02-28,0.026061939414452562,0.019859578736208583,0.027494537509104244,-0.02864332975173889,0.08129519019176357,0.016336218933258984,-0.01956882255389769,0.007663565667099359,-0.0032626427406200476,0.005055582684629023,0.0,-0.004219409282701259
2003-03-31,-0.014431799439221238,0.01589565926227854,-0.029505582137161035,-0.03763367710685983,0.0012842627450486699,0.056342182890855685,0.037580012389015316,0.006349840688313124,0.026896230805026233,0.0007330219187924314,0.0,-0.003084688726864737
2003-04-30,0.04685800351435021,0.02613969050606424,0.021364009860312727,0.05030152333590565,0.09153003586987896,0.17504332755632523,0.0310105024127163,0.008573540755979048,0.04401476875242882,0.00498338870431847,0.0,0.027843431140830877
2003-05-31,0.03636799616337605,0.03499026044296949,0.027531956735496133,0.04175009490349613,-0.11318708104814157,-0.04470198675496684,-0.012266068549799836,0.016001899288713872,-0.009384474710043778,-0.010999999999999899,0.0,0.05133333333333434
2003-06-30,0.03516890328551603,0.03109424979543296,0.02227055241409337,-0.059760928292484916,0.06783102110934691,0.05834939547923579,0.013353221109453806,0.009560862970085182,-0.006953571172549133,0.006325474410580734,0.0,0.003283473184967578
2003-07-31,-0.024735508866041145,-0.038618322248444525,-0.006467534677900066,-0.0075086651802148685,0.04117236566643445,-0.02925667630549411,-0.0019140791152697512,0.002313132745070723,-0.0009310542398776045,0.0020311442112392886,0.0,-0.033725029377203564
2003-08-31,-0.02207792207792192,-0.003030195001960556,-0.021070663811563417,-0.05964153679342643,0.006128152692570055,-0.012928139691068097,0.008435802116099067,-0.005766242299794833,-0.04212211296592716,-0.002944386992991044,0.0,0.004722550177096663
2003-09-30,0.058042340442153284,0.03486312993433183,0.04068597427596443,0.09100108317655797,0.03001579778830976,0.019688409518918037,0.06575238095238145,0.0011643932491507414,0.01198741090437827,-0.00030152918371750825,0.0,0.0037923678596825106
2003-10-31,0.04046072061429418,0.03560785512340492,0.03127627375147157,-0.0021261919830473097,0.03001265593925151,0.025996838222378527,0.035993369642433715,0.01934953897736813,-0.028769216937876152,0.0018989253808636697,0.0,-0.010785463071512957
2003-11-30,0.027036616520011547,0.0046058186842712345,0.04475786727539566,0.026999196669831527,0.07753750243522295,-0.03196735249107319,0.013114754098360715,0.002858440772844917,-0.021164253971047597,-0.0018379977312213969,0.0,0.001467566774288942
2003-12-31,0.04118012851516628,0.008086670535887297,0.02465860319937563,0.029115560365560622,-0.03876404494382013,0.019237435008665704,0.055185216437431794,0.01701291511085401,0.011234955171416372,0.005239758653540649,0.0,0.011279311368359357
2004-01-31,0.030725330147985952,-0.02405407446567498,0.031680755464168486,-0.03820965433490919,-0.037490987743330706,0.002084056964223757,0.00876744977868582,0.026754797141904207,0.029052197802197366,-0.005412389634627535,0.0,0.0005940005939997217
2004-02-29,-0.002189029101210216,-0.009722533841896697,0.016535026205064085,-0.01628363388133569,0.05235204855842146,-0.02736486486486478,-0.0017843487127195967,-0.0006035574800773436,-0.016747703943813863,0.002518710420264636,0.0,-0.002665876777251497
2004-03-31,-0.01477610014195374,0.017386342020163648,-0.03311306368455458,0.024141220679158693,0.045616818722728825,0.015437392795883076,-0.04604036637756381,-0.0007468705073813142,-0.00572963294538964,0.004046242774566222,0.0,-0.014421673381210809
2004-04-30,-0.05239373894819577,-0.03816598360655754,-0.06481411941419446,-0.0069210408319712036,-0.08177016936805659,-0.006475800954328648,-0.008996706562775736,-0.012537269195864842,-0.01438277596399895,-0.006175499066494283,0.0,-0.008911521323997307
2004-05-31,-0.023567627341212316,-0.004190503953649061,-0.00698682942499218,0.019591939063686503,0.04059278350515472,-0.07063668039277804,-0.024907965849455982,-0.0033442611636413933,-0.010131889247968928,-0.002221107687898516,0.0,-0.06649740708729424
2004-06-30,-0.01387315968289915,0.023419727764310894,0.027173473513950608,-0.021734112385486504,0.061773109581874985,0.019373587342589538,0.0033005893909634487,-0.0033015764262148695,-0.0072834474984826425,0.004823614110871288,0.0,-0.015580962509971541
2004-07-31,0.0026557565317255616,0.007098324945542522,-0.0122037634831903,-0.011762189905902387,-0.012360890302066774,0.012753433616743193,-0.011035983523743575,-0.00037820195227855624,0.0047480071437902005,0.014609203798393366,0.0,0.030975877192982226
2004-08-31,0.013315197938291945,0.021053035241783924,0.03857803283915184,0.019558249569369357,-0.05817174515235446,0.03661016949152529,0.028783881026625213,-0.004892910907349224,0.007504608092688603,0.012723775706465101,0.0,-0.016711590296494383
2004-09-30,0.010031790886612546,0.026007239534151738,0.026400613967766162,0.013912940951061659,0.03687315634218291,0.03002793296089412,0.029636947394418023,0.0003323260875292,-0.003672933974639192,0.010616028708133829,0.0,0.00968865665142471
2004-10-31,0.04693292299083707,0.04074362229228923,0.045162255121878214,0.06211403749070521,0.0471042471042471,0.0019240860591220876,-0.005363357215967035,0.015476319979258246,-0.006710243436339525,0.006925624811803477,0.0,0.008121158911326365
2004-11-30,0.05297969000534497,0.03443747882073889,0.017599084275289778,0.032878462060825786,0.03661105493764727,0.04115825896922232,0.03733118151703119,0.014026079295154092,0.019866229624379894,0.0025660377358489583,0.0,0.015264623955430823
2004-12-31,-0.017955713469957613,-0.030034101647561373,0.007874015748031482,0.015374512620562442,0.0403225806451617,0.022932617969783298,0.05219411922423811,0.018851353267990145,0.0017749378771745317,0.006838905775075954,0.0,-0.03753351206434197
2005-01-31,0.0006460783046904339,-0.009603255340793426,0.001813616071428381,-0.035652937963571385,-0.04104637576389303,0.005262369377129872,-0.04293901291591806,-0.006279885206552982,0.0007771387969890409,0.008120116439405578,0.0,0.02001750164077798
2005-02-28,0.014462809917355157,-0.012338236476167497,0.007241331290906539,0.011886739557050552,0.023117609116318993,0.03476474691884346,0.031225191849695744,0.008355835394648459,0.016384193541107317,0.0021495470597268085,0.0,-0.007383279044516966
2005-03-31,-0.016102342158859417,0.022688039457459785,-0.018111433706622493,-0.011449747012851397,-0.07435417744696093,-0.03858407079645998,-0.03300921187308081,-0.0020193903121692447,-0.014171932010322963,-0.001533036946190447,0.0,-0.031036296685954312
2005-04-30,0.004722168316191322,-0.023479831426851394,0.017741481272880888,0.008013600772625917,0.03493305870236907,0.06635541869474526,0.010254200775527522,0.004255013794538742,0.01197310891071246,0.0007671064743786093,0.0,-0.005545093115715605
2005-05-31,-0.01854236415142918,-0.015917529030729294,-0.012728278915329239,-0.020590833404991904,-0.06967385888935751,0.04364503421107191,0.0005172859729283275,-0.010454954667245553,0.01441589585474512,0.001536570374923274,0.0,0.008440599282550698
2005-06-30,-0.0004591970611387275,0.03216600758286137,-0.020179372197309253,-0.02351872490496354,-0.02536231884057949,0.025733730327520243,0.0024198427102246622,-0.022838222746939696,0.017404033832139953,-0.0001536334306345699,0.0,-0.024646256753280804
2005-07-31,-0.008860011813349167,-0.008368369987063251,-0.027745995423341108,-0.0045667651953222865,0.0070340417528678145,-0.0388389206868357,0.025706940874035578,-0.0007285485821003634,0.01056685295637072,0.00030736130321207256,0.012995668110629799,-0.012449186991869698
2005-08-31,-0.005231095219176196,0.0409898156720816,0.01853486319505726,0.029958912150263917,0.03100179945395909,0.03403086028323821,0.04231728725861594,0.007402951001387104,-0.015307066222715493,-0.008834729626808868,-0.005501060445387007,-0.04466019417475764
2005-09-30,0.006523330892631574,0.005543565655283356,-0.012637203928365315,-0.019528852056476365,0.0021609016712007545,0.05156701489219828,0.004641232711407817,-0.0019271325976527587,-0.004080579939758078,-0.012187782124586266,0.0006101281269066394,-0.007228915662649937
2005-10-31,-0.0021162621519741354,0.01073567151411492,0.028450230381042996,0.0074600904487651665,-0.038490284005979314,-0.008725157537566863,-0.014994971198683316,0.0018429417716734342,-0.00352007636775864,-0.019764011799409897,-0.001351064957083814,0.03833066453162526
2005-11-30,-0.018954205050036643,0.00038509263617303446,-0.0002133409187883295,-0.03938838102169173,0.0361249854803114,0.031125045438022303,0.06112350829533386,-0.01081103975886577,0.029229352164568345,-0.006156552330694565,-0.0008470089994705443,-0.003788634097706467
2005-12-31,-0.01222725123285795,0.005161068341146491,-0.028807169784479725,-0.0024668128481688534,0.01645086386713346,-0.06209247815896013,0.002139037433154689,0.0020487041224561686,-0.018106850827191656,-0.0029231218941829784,-0.0004762156727868838,0.02034587995930881
2006-01-31,0.028997401176309667,0.011572764846638828,0.002929544455837485,0.03073293272351063,0.05256835128417525,0.04497884658205309,-0.02470247973069073,0.028489646227469967,0.026562871970670754,0.022414823670053652,0.008753669602348468,0.052180893765051195
2006-02-28,-0.02279675661305325,0.00047880212414042056,-0.03987147655907708,-0.035965344894849705,-0.010898959272309994,0.04612159329140453,0.016649313589387926,-0.009787071669467351,6.189975097226075e-05,0.02058868384932122,0.006987368986831388,-0.0013361838588998864
2006-03-31,-0.04298442494728971,-0.02146690518783545,-0.08526011560693625,0.02135129648981704,-0.03769418815550818,-0.03785382908626367,-0.03297440917354266,0.014561524146931681,-0.04297601254055605,-0.012648697485318383,0.006764069264069583,0.022404371584699323
2006-04-30,0.0700021320446309,0.040922190201728936,0.05130123887918847,0.06235324185741864,0.025713615517144017,0.05196274902746656,0.03527651771064666,0.015436002276163041,-0.017241533735187997,0.0016591251885369473,0.01524515863205611,0.03977272727272707
2006-05-31,0.001129117959617565,0.02434261319769293,0.005457133818411952,0.031130070989738634,-0.07703620754012708,-0.07893593919652542,-0.025397422631925792,0.015502947876735229,-0.012440792354197594,0.005459508644222177,0.0026163591297163613,-0.04916261480280837
2006-06-30,-0.03343727194320956,-0.02220347262311806,-0.06646739557932846,-0.03799654576856648,-0.07374753656259747,0.031239502855223478,-0.03240192955310861,-0.004731251975966466,-0.008193737142456081,0.009182736455463969,-0.014520287691681344,-0.009153685562871883
2006-07-31,0.04228155673004319,-0.012151254606071138,0.052746882372767256,0.003187067341699157,0.03433108035618471,0.010179843909060349,0.012253547079417837,0.006273667782934034,0.04295255958643995,0.008333333333333304,0.0012228260869564522,0.024177631578947034
2006-08-31,0.006848864010536859,0.026338300841925122,0.03825836401472715,-0.0032638058193972252,-0.012292041962487898,0.037383835539284815,0.010144253140996096,0.00743854783390141,0.006330133738462029,0.0013908205841444143,0.0,-2.220446049250313e-16
2006-09-30,-0.018771665903590806,-0.0036335905257492973,0.011948812827628608,-0.028849926528853653,-0.07528743140841399,-0.026456477039067727,0.0,-0.0008747314339094814,-0.013873819068329518,-0.003848522167487878,-0.0005431830526886339,-0.009771986970683488
2006-10-31,0.01339821357152382,-0.009288476067730311,0.007236992458292013,-0.01702285342650145,0.005947100377854397,0.016229017204151486,0.02518843621791822,-0.004504234739482249,0.020505455303574394,0.0066635673330235345,0.0014959880320954966,0.004909983633387238
2006-11-30,0.032098927843188685,-0.01085809741515742,0.027151716835577044,0.05553293900716039,0.06707103288689464,-0.011566265060240943,-0.010386176942687397,0.020608760422068384,-0.018997841154414608,0.0012412723041117513,0.013507925568573942,-0.00027270248159250166
2006-12-31,-0.0008922312153462064,-0.020369493131217498,0.03526986230763551,-0.0019677511870240805,0.015451438336656187,0.0145045632333769,-0.009909320370197316,-0.0012417772543563688,0.011460382840225991,0.00781860828772496,0.02689313517338987,0.014946028231387132
2007-01-31,-0.011800727179945403,-0.016392748220941944,-0.022332859174964192,0.0020756162983777138,-0.031948991900741186,0.010516409834137264,-0.017632473138029736,-0.004989485296392759,-0.014867649389760818,0.0,0.009141551206970133,-0.00741758241758228
2007-02-28,0.01723470178156461,0.006694810455844191,0.019132838643969308,0.0195420915979585,-0.0026879133268252753,0.005202790587678585,0.009643022716735894,0.013895003880655787,-0.010862748611360051,0.002508230130114475,-0.0007136739937199099,-0.0034495975469520657
2007-03-31,0.02411320515261095,0.013220998055735844,0.012920265543579168,0.01240132500535629,-0.014658267289846538,0.01854751294712753,-0.003971185814554246,0.006293547208725325,0.0062564232010531295,0.002199528672427231,0.011784414534111276,-0.0020218579234986267
2007-04-30,0.03345932213891789,0.03649798477384669,0.051233262861169804,0.01808694484991835,0.05704445701438465,0.02425244251455627,0.02664264719825482,0.011706341402245357,0.014264030868825772,0.0018888713993387984,0.01219120011694197,0.007487337590839749
2007-05-31,-0.014749085676599494,0.03865296060281875,-0.02091573372662081,-0.016947475197308326,-0.02923492899790814,0.036120555228916995,-0.00047384382107629186,-0.008900768072870102,0.01075298629883803,2.220446049250313e-16,0.005733607762422821,0.027375565610860075
2007-06-30,0.018986186332379917,0.002845414684205849,0.03909619993153024,0.022161715615200528,0.001036738101864998,0.002177588768766059,-0.004528301886792541,0.0025426329232847156,-0.004407373840073614,0.0015765410688950432,-0.023542922767728847,-0.032081462827110996
2007-07-31,0.054225141833383006,0.02618352400555235,0.056009488666314944,0.02290207981236847,0.04063486546760475,0.04024091248267747,0.015812170579779794,0.013124644726267842,0.0006859594685426629,0.004433887569279538,0.01737987439754618,0.003075233388249332
2007-08-31,-0.07460488302271573,-0.01592161665646019,-0.12529639336078868,-0.006978516444467231,-0.04572119537053032,-0.05585748792270495,-0.007608178792202325,-0.005806881343420556,-0.021690762509570805,-0.0018966334755804448,-0.02269483300028552,-0.03292618162506711
2007-09-30,0.07180460333006855,0.05496198379963224,0.06291910400913103,0.05990779227851095,0.042176743382204895,0.07395898073337448,0.02615399629159776,0.02682533457130054,0.016374231528063277,0.01818474412616644,0.022325988618123516,0.02772623076083436
2007-10-31,0.05859843509052487,0.059328279637818726,0.03241610738255063,0.0218776373264582,0.06177124987575411,0.06360292004368562,0.03819655521783116,0.012673002492451957,0.020503213992077107,0.03616748094912592,0.0274362818590701,0.007035286358140436
2007-11-30,-0.04710008092797402,-0.04225068064938986,0.0031203276344013986,-0.01616803073020756,-0.050602497096399746,-0.03245182280804182,-0.03358464701850594,0.011747995632276353,-0.02106370329720597,-0.0006498916847195169,-0.014042867701404282,-0.03403238651446849
2007-12-31,-0.010870796059336274,0.008593948639715077,-0.002462575335363759,-0.007588036618162319,-0.01116175573341005,0.01201666010018565,0.03125157772504683,-0.009761092787632486,0.011242190354191495,0.007707679132172629,0.01272455089820368,-0.0005306447333509601
2008-01-31,0.01768746422438472,-0.013048933500627191,0.014746962905216598,0.014132490954838373,-0.04542807221898648,-0.0014331881410707403,0.06283537239751036,0.006205955183933742,-0.0024680081559596,0.013979226970883829,0.032457496136012454,0.014535666218035592
2008-02-29,0.05562742561448908,0.016426057236137215,0.045646606914212295,0.047065950020672265,-0.018064993608288726,0.06465414073719478,0.008070623363696905,0.014999093917052564,0.009989283883892641,0.015018751836297195,0.009990633780830649,0.025903015574947785
2008-03-31,-0.0199808184143222,-0.03718074656188619,-0.01683707830772052,0.020758087311557594,-0.07562659369363778,-0.03749352070494705,0.036371790559480255,0.024903480154568003,0.003670883116275947,0.044610940602997085,0.0032889584964759244,-0.013834422657952428
2008-04-30,0.02468330343065328,0.010823155595273581,-0.026528832980445838,-0.0030528375733853697,0.06511658717541069,0.02600011818235526,-0.03075418387307116,-0.006420789083518508,0.017558468749256484,-0.028484231943031624,0.010604621715732954,-0.004554326610279769
2008-05-31,0.020480713110839766,0.014301540940678814,0.0029426816786084498,0.013446511443417686,-0.017794983571359002,0.01584728975328642,-0.04115869542565376,0.002034883720930747,0.015781333075547632,-0.0036001398112552874,-0.025000000000000022,-0.008387096774193692
2008-06-30,-0.007071179743149858,-0.018582583769892302,-0.03488965429263968,-0.012108150470219514,-0.02810800556468962,0.0410248398687707,-0.05429641308632227,0.001154389539748335,0.005169414942718387,-0.035986252442887,-0.007048728164265938,0.004862236628850436
2008-07-31,-0.012043776509399473,-0.011287564133886985,-0.028881105016191788,-0.00975884213181255,0.0698653027812175,0.025111303289452547,0.007345642247369444,0.006271090490245657,0.02616950098964499,0.05446793391366178,2.220446049250313e-16,0.014468924695823837
2008-08-31,-0.09031642550484964,-0.02301045495775078,-0.044848237375799904,-0.04123883928571426,-0.04766414751531822,-0.037873651771957006,-0.02976018491765353,-0.04757952996182757,-0.011185825700284924,-0.04431239388794572,-0.03432968333826558,-0.004039301310044707
2008-09-30,-0.02348074345976825,0.012176854312635932,-0.021873886711791912,-0.04361207226279329,-0.03998144425545058,-0.1186854970124932,-0.03620161514898379,-0.014595231474905823,-0.0584090349952886,-0.003215434083601365,-0.0127100073046017,-0.018746652383503037
2008-10-31,-0.20274463007159882,-0.15925248832012984,-0.14743589743589736,-0.1622227852629068,-0.1920087958219845,-0.13497004581228733,-0.1939997007332036,-0.07206411870380114,-0.16672210790153663,-0.04570413436692522,-0.044127915095656944,-0.13564814814814796
2008-11-30,-0.029112408322107486,0.0005284123242010885,-0.06109022556390986,-0.043371638769283516,0.007527693856999251,-0.0821563342318058,0.010661625708884959,-0.017925510291508795,-0.02413504148328205,0.0,-0.011594202898550843,-0.10559006211180055
2008-12-31,0.07484776073383181,-0.003564196030781508,0.0636090636090636,0.0016709272932406982,0.0740941049215793,-0.00568181818181801,0.037661828167909084,-0.10175343106383838,-0.043484853955301994,-0.013855709507883507,0.04696531791907521,0.10779816513761409
2009-01-31,-0.04267068273092367,0.021429753433724663,-0.08547227926078049,0.04536259470757309,-0.0652173913043479,0.018385082318004953,0.04134324699730341,-0.09830527994330263,-0.01837990331589634,-0.0072727272727272085,-0.03527115572284967,-0.03625110521662289
2009-02-28,-0.03198741478762457,-0.041021978893914124,-0.045093086350453504,-0.02927430165573708,-0.009757245342905452,-0.039471476510067216,0.015010781224083392,-0.05526414606915253,-0.05538667559424182,-0.026728422607598445,-0.022618885406731404,-0.05316031812473743
2009-03-31,0.08458442965485213,0.029152376286134096,0.11384344077593833,0.0595393474088286,0.05851960192044792,0.06461840753807002,0.05057721629274692,0.06568774063117866,0.049930578744793674,0.036640612537884865,0.01143880926130092,0.03599306157849047
2009-04-30,0.032251159471994306,0.018463073852295286,0.008268097457999612,-0.007271119782933266,0.10645558487247153,0.0274846287969166,-0.025761819879466463,0.014133130318768394,0.04138145612943389,0.03654100529100557,0.0112891986062722,0.06512702078521948
2009-05-31,0.08875371535218046,0.08197606406910807,0.08802233272267301,0.023440120437756784,0.04708345356425858,0.08204453491547303,0.041736669908921664,0.06455213976047314,0.03835043709616137,0.006322795341098031,0.02397602397602383,0.049951503394761954
2009-06-30,0.021205002856961475,-0.02985595809690078,0.03648171905067321,-0.0031181959564537953,0.013470967420792013,0.025560732197866365,0.06397591494966637,-0.0008790045858316775,-0.011552550014088947,-0.002655160969133985,-0.008349844324936573,-0.0038647342995157263
2009-07-31,0.017594031706559043,0.05328490644108275,0.014697919084087685,0.02964018639209587,0.018608188617061483,0.03701454708662233,-0.020819898664209635,-0.015294622156455384,0.004168710152035127,0.007894560781427584,-0.00014150275930402412,0.0396785534907067
2009-08-31,0.013257575757575468,-0.009381973857995107,0.04048181748875512,0.02789093811981047,0.0024205998767468095,0.013322988844002959,-0.010573329687357691,0.002131329788395586,0.01067602089449804,0.011299052774018659,0.0026958002270147663,-0.006982543640897676
2009-09-30,0.0642749472414832,0.022873381160905648,0.06008206330597887,0.04707615945400945,0.03859452325965074,0.04902896273013013,-0.002998909487458956,0.05158071600023817,-0.028996453191757143,0.022660439370351115,0.018202831551574983,0.03724780134506078
2009-10-31,0.021415217268143216,-0.0023238520171037225,0.01175006911805343,0.020121838656082858,-0.026972539502154724,0.015590708279891619,0.03733031674208109,0.028928127035172224,0.01672062034179045,-0.005333792154163963,0.009773887673230952,0.00572320499479706
2009-11-30,0.02695656997060314,0.0235965746907707,-0.006353326957234895,0.015868905161636082,0.05967478568512741,0.011503200138384129,0.07054193157735367,0.01408179769225848,0.032326757104386816,0.00964127508034407,0.016609817588610465,0.022340425531914843
2009-12-31,-0.034944639481501394,-1.1102230246251565e-16,-0.010381574424200513,-0.0362918147628597,-0.0054336425705251434,-0.007723995880535628,-0.023262690980778378,-0.05030206100577084,-0.01260047961630717,-0.004238021103615153,-0.015907764156450677,-0.0035511740075261367
2010-01-31,0.003749720170136861,-0.014487317736415206,-0.018410448798110268,-0.008287245664345355,-0.031477330816719884,-0.061382310294828435,-0.028396303213140017,0.0006718443116304762,0.00713739189575624,0.009781659388646613,-0.0005834305717618005,0.0035638297872337965
2010-02-28,-0.0026763311959856484,0.012869218349320866,-0.018331092080118738,-0.008336648244225864,-0.017349304482226047,0.023384902860597245,-0.01337049985826333,0.012027254429779255,0.006796845516688688,0.005267778753292207,0.0071984721610105495,0.010209564750134348
2010-03-31,0.026276066416951016,0.03780000985658627,0.02314347512617143,-0.00472564314234214,0.057196740173884875,0.019527091387908646,0.008384945212005723,0.01778442452309137,0.04270095941258756,0.0017590149516271136,0.04337829552421857,0.022583658442771437
2010-04-30,0.00533856294601498,0.0030649068169459337,0.010006342047776728,-0.005095455993027409,-0.015655262540629433,0.015389867152163283,2.220446049250313e-16,0.002571408028204436,-0.0035612362866129788,-0.000984079007486205,0.013830613830613903,0.006470523172214193
2010-05-31,-0.09791384448658902,-0.04858432884959074,-0.0649549989534639,-0.08603336550392959,-0.02696446038474054,-0.045170578009561035,-0.023630105126058676,-0.057496164406527606,-0.0449338866904736,0.0006330226833131114,-0.030727519204699516,-0.029935622317595945
2010-06-30,0.01471648246035584,0.00042346962781714126,0.02619012087748107,0.0037750936084819386,0.00022176419943131798,0.02124826629680987,-0.01916233232959197,-0.0031376074590532266,0.00518844494116899,0.005836575875486361,0.02532818532818526,0.028130170987312964
2010-07-31,0.05730184099923008,0.024685405718142706,0.05671489856758538,0.05779256162723545,0.04317888004354664,0.02188332671920179,0.0474051419287016,0.033665114105625005,0.01596763891845865,0.0015943312666075737,0.013143483023001057,0.006718862790827229
2010-08-31,-0.01634846873075424,-0.026289845547157298,-0.042936764604692756,-0.03440449826446179,-0.0044166858598314596,-0.0036714866696789805,0.03032988675529258,-0.024402575829242323,-0.028162214354683135,0.008215752813002242,0.016655266213829956,0.003175133689839349
2010-09-30,0.10279469520177598,0.03177524824412714,0.059601696743116106,0.08653878971978601,0.05898894540132993,0.03698931029433261,0.04658353086674194,0.017913406593839776,0.045738120710173025,0.004485109436670243,0.01884927066450559,0.004644915775925629
2010-10-31,-0.00030967741935483684,9.688514266326109e-05,0.00854932826706456,-0.007746949903056799,-0.014464986390470114,-0.005186026862453841,-0.0218750000000002,-0.008521294274821622,0.0015852121776400718,-0.0037177378994782684,-0.007879080237980451,-0.0009504640500948014
2010-11-30,0.015591925241365434,0.021576681348047577,0.025968783638320447,-0.027652918416070094,0.003084887596624508,-0.0032235581111692557,0.029152401701421082,-0.01848719929996545,0.005564994209015683,-0.003952287698059331,-0.008924302788844485,-0.0021757322175737226
2010-12-31,0.03040008133801053,0.010703746311208961,0.0013770491803279938,0.021958606764260535,0.060743972618197084,0.023329073672323064,0.02816000000000063,0.02605750206986568,0.0019813270038699926,0.0003561887800533903,0.015536494578410887,-0.004332611231461447
2011-01-31,-0.017366421629088524,0.004219197347933301,0.00412546657062407,0.03314297634879626,-0.06021788155783181,0.009116809116809232,-0.04248799918292301,0.025129179842562355,0.02689853050479374,0.012623985572588259,0.01245289202031774,-0.003487213550315116
2011-02-28,0.00542250338906447,0.0031238978183101285,-0.02719446980566076,0.022194777385849962,-0.005749590570109153,-0.0030794068404689234,0.030523102831280458,0.019200788315431483,-0.011537419656709513,-0.009042819358067056,0.0014768624876928538,0.020159241063864908
2011-03-31,0.029862671660424667,0.02172458172458147,0.020915733726620367,0.007095815884605727,0.04450513549031254,0.021188251816572246,-0.013498079119509288,0.021862526053719744,0.02259735244986527,-0.004164442071543206,0.006657085749211422,0.015715514769142347
2011-04-30,0.04616205207777746,0.014837260331226121,0.05233436207236197,0.048623491658378315,0.022927994232329274,0.04375258914629865,0.03950350782514844,0.029393742342749718,0.027129092751061457,-0.00794491525423724,0.01640362659503003,0.010431758910460776
2011-05-31,-0.02567786790266513,-0.020469781485082827,-0.003931111943092369,-0.044102214528526806,-0.05540343061447428,-0.03656514797985999,-0.016141021556759783,-0.02569383365561906,-0.008849065955664925,0.030192797380865777,-0.028495930317908202,0.0031393523632359255
2011-06-30,0.012844298558584377,0.006800968622803882,0.026749357890120784,0.030863683855279156,0.03026493696327459,0.036005089058524176,-0.0013256270215807886,0.015348579991437017,-0.005587399246232527,-0.0016342836390046411,0.00983363531543402,-0.002898382702452462
2011-07-31,0.0361185477431778,0.023573462714903348,0.062416107382550656,0.0025956448786998987,0.024001257315630742,0.00312679471635513,0.031109896118097113,0.017904854877376364,0.009786759342686802,0.005477451159393576,0.0316057774001699,0.016259204712812725
2011-08-31,-0.029057116953762452,-0.03042388914455174,-0.019123643255039346,0.008347354645728,-0.045415252723700616,-0.013285480418083417,-0.014228737738493646,-0.04565536483289889,-0.056511354896166544,0.004401247019988785,-0.01357693597049947,-0.005332239540607464
2011-09-30,-0.07628740837574122,-0.04352716779967736,-0.08149882903981265,-0.07165233388581793,-0.10599093057418385,-0.12512738590354466,-0.08695438216623153,-0.0911529298661028,-0.07820843392825805,-0.013745704467353903,-0.05675889328063255,-0.04015748031495947
2011-10-31,0.044983573414203004,0.008035890356931752,0.010772565017848068,0.03947285339298756,-0.022421188678892534,0.027828105537311743,0.01240534077321609,0.033819110581815526,-0.00817548612498964,0.016547159404302292,0.010867828032603333,0.001915924715428119
2011-11-30,-0.006239419588875195,-0.0025079911482667194,-0.019360534779592653,-0.039099608223832516,-0.011199259144929474,-0.02000277430989006,-0.026670546018814467,-0.0002213953179446282,-0.004487576266690607,0.00740877940359308,-0.015730690577316575,-0.02601536772777102
2011-12-31,-0.016110191764820425,-0.005185656279046991,-0.009324758842443659,-0.041482158434760774,-0.008265727843257076,-0.04071856287425146,-0.012640045963803415,-0.03337855772278053,-0.02950294457336733,0.0014839547393807884,0.004106776180698102,0.00413337007439929
2012-01-31,0.03640860746970054,0.00988093473642615,0.04582927620902333,0.016982805965105152,0.015336507975978853,0.06638097400385923,0.06031069144075496,0.0350127035830623,0.06294017262938612,0.0011142061281339544,0.028845372552206205,0.020528683914512236
2012-02-29,0.031406615436017304,0.02751408700949276,0.04673825336726467,0.06477441410642815,0.0795549112775491,0.026151785194245436,0.0304456999372249,0.05083005305493771,0.02852507720573927,0.005414488424197339,0.027124019362377183,-0.014412416851442345
2012-03-31,-0.039613124161229196,-0.011640158546986856,-0.03012333965844416,-0.033905228758169925,-0.03097543686226556,-0.05599999999999994,-0.0235979160281945,-0.005768008905378208,0.0004849698458260221,0.0031841168758193206,-0.022196833686959128,-0.013938234490297297
2012-04-30,-0.004336722401580451,0.011520503451075914,-0.005869405722670584,0.004092959934373086,-0.013232453522771914,-0.03286272633006293,0.005960332956530312,-0.00022966026612025736,-0.029974922890734113,0.00735849056603799,0.0015692941445710762,-0.005436259853221603
2012-05-31,-0.05836519382471095,-0.043216470816742736,-0.0707872078720787,-0.05619800675397413,-0.08335882352941149,-0.06414690586976568,-0.06116739025566753,-0.10339229218355195,-0.06335793502169429,-0.020513768249861286,-0.03297502371166594,-0.030311017395887152
2012-06-30,0.03525723390039581,0.0035573315140586814,0.04652855913693821,0.004384513567174064,0.011092277039283616,-0.03338384202804434,0.026644215530903237,-0.006237449312198384,0.030039164013030417,0.015959444235824405,-0.009860698074816265,0.004235044997352944
2012-07-31,0.019063694583726365,0.00647407916033127,-0.006830255502150218,-0.007887328567559582,-0.007268282890308231,0.017971255784344997,0.023831254436669225,0.006744952882994593,-0.001936143786073985,0.009897986271758308,0.006617299511580299,-0.0039546533087267965
2012-08-31,0.009450967019047907,0.03136223380039471,0.021332144676515563,0.04420523983785141,0.005527354765933135,-0.003780672227913784,0.02558502340093649,0.018458947530709535,0.02962416874793128,0.010209750023943975,0.016007683688170404,-0.006808064938466307
2012-09-30,-0.0017373678876502208,0.0032479066226849262,0.023318161980173224,0.00991890043882071,0.022187293283731924,0.007594190075941976,0.01821455046065945,0.025309746810108447,0.027970459730116692,0.004831196827963513,0.01346528228423094,-0.003912363067292035
2012-10-31,0.0026105873821613557,-0.014257128564282517,0.0017668920977274016,0.01182271186737549,-0.05290716387713812,0.002118070093343194,-0.019723865877712243,0.0006617449848500545,-0.012017908440804415,0.002392436812656884,0.011818778726198076,-0.0020822488287353114
2012-11-30,0.008389989874149961,0.0059886266418403,-0.0001824595547988972,0.003347802400576416,-0.01667844123548179,-0.028984814061939645,0.001039176971838307,0.00622543320511304,0.00457048563808371,0.0011589723778249184,-0.002456197805796756,0.0005208333333333037
2012-12-31,-0.00946779515134144,-0.0007542995071910807,-0.005048968915383978,0.01715123294037757,0.034423287166684746,0.01970395298363692,0.003964527908189908,0.019564854651638486,0.0024582028575166337,0.012675560424083576,-0.004645098199005715,-0.005953921822417052
2013-01-31,0.006661839246922874,-0.008575132116860895,0.01693568109562249,0.020289617187357223,-0.054675583066209565,0.028595078636466154,0.015898251192369095,0.017290730570809876,0.020324373547698116,-0.0013283844500876496,-0.004946480700616207,-0.011261837727156276
2013-02-28,-0.02100417206157379,-0.023133492426825164,-0.008897973907292411,-0.03862608268751966,0.02096205388630268,0.00878036437246954,-0.0020097313306544073,-0.016932515337423015,-0.008295088731369082,-0.008137957760124048,-0.005964855714976514,0.0084662640028903
2013-03-31,0.022238550085721176,0.009538325384728763,0.014073400060661045,-0.0260920050544724,-0.04601314507490328,-0.0186242860690341,0.0005291565245000296,-0.01614408962142677,0.03772418807561784,-0.0034755744352191753,0.00016123831022252233,-0.0040104889711547465
2013-04-30,-0.016962959413484024,-0.010026770503771987,0.010887120894897517,-0.01076031689724466,0.012061517005431233,-0.005212321829994093,-0.0052218221632661654,-0.01504510360353195,0.008769070282957259,-0.011641221374045774,0.017054772056411815,0.0007203498842285327
2013-05-31,-0.061418474287106894,-0.011879569065025186,-0.03858216462512565,0.00843213409648369,-0.062230509860018324,-0.03340496657115577,-0.03184181021302568,-0.00028496720341320003,-0.029954226716102816,-0.02402682063699002,-0.010064935064934777,-0.00867125733231322
2013-06-30,-0.032407166969618206,-0.007210046316191376,-0.03576044808272327,-0.037607790419358134,-0.031967715772190375,-0.04673024833268835,-0.02794978747857424,-0.043040515822483694,-0.0391574501701506,-0.033483348334833574,-0.03870162297128599,-0.01234256926952193
2013-07-31,-0.03660565723793685,0.01857886289577393,0.01614962338822923,0.0314082566092615,0.020279032217372928,-0.03794945911619141,-0.02056283357593436,-0.002149684902564619,0.02589518799922086,-0.005371530886302822,-0.012330456226880449,-0.03429822427633067
2013-08-31,-0.003454231433506094,-0.0195975586496282,-0.01966203907280617,-0.023229887525393456,-0.042459644494692306,-0.028486331241357132,0.0032028504395402724,-0.004852329127017607,-0.03176519409967171,-0.006227758007117279,-0.0271405008247112,-0.060986751941525585
2013-09-30,0.047408732599094616,0.018503229566315227,0.057285659361784314,0.00586437186430544,0.0410435937287803,0.053427758230429445,0.025681734216017382,0.034607641485913776,0.021917227287622687,0.014806789454676617,0.03459509773502978,-0.04701784936874298
2013-10-31,0.013077128369361812,-0.015208761777225077,-0.0006060606060604989,0.024299765170336718,0.007117239422920862,0.02032836366962454,-0.012337278106508975,0.004634002703194362,0.007144382535091198,0.003988397389413034,0.023662061299031034,0.027740492170022613
2013-11-30,-0.04262381454162267,-0.012375419205516769,-0.01364463311097619,-0.03549242144480824,-0.03349816401468819,-0.054647643752702146,-0.036661948146951784,-0.03760570446290146,-0.015538396850273473,-0.015175861453312067,-0.02538306763658904,-0.059739167017247685
2013-12-31,-0.017610478234549642,-0.003670760976987153,0.0072548416845990005,-0.00926851874435941,-0.011972427137501351,-0.01891754326433659,-0.004209869068341532,0.016432940732566736,0.005418908531898747,0.007374100719424792,-0.019128586609989284,-0.025819672131147775
2014-01-31,-0.019382667637667272,-0.04721549636803879,0.00860648232924377,-0.0035968600383989857,-0.0790733934736606,-0.033592260867783,-0.036189399396387656,-0.07165949853704168,-0.026543706391814248,-0.015406410483442823,-0.012887756631200564,0.0028771064529378165
2014-02-28,0.023878891745215736,0.003916272788656583,0.004841442749939473,0.017256298054339814,0.03779472954230223,0.03992071273285336,-0.021624129102473688,-0.02278019515006069,0.00529926359417221,0.004625511474826816,0.0203363914373087,0.045103092783505216
2014-03-31,0.02934776544105344,-0.0031411263181512217,0.03655745603469063,0.0034980649002680497,0.011764155576864832,0.016531253385332123,0.00981920059095387,0.013817827208288946,0.012744724613391822,-0.0007111111111109958,-0.008940748598272541,0.020157756354075795
2014-04-30,0.004444685348799604,0.015308214497243622,-0.001684968915228402,0.015127348432699472,0.015012605460942074,0.03257343564732995,-0.016531854385017142,-0.003830209210797131,0.002903201161280178,0.002137894174238264,0.010411881794518463,-0.013103836007437586
2014-05-31,-0.005072581080352023,0.01021770147742429,-0.012862297753462926,-0.0020859337695083857,0.003086081676390018,-0.003455656128773632,0.020505402106596238,0.030342682946574273,0.017688450025269198,0.01044104410441049,0.013343677269200827,-0.004905968928864413
2014-06-30,0.018658133101914887,0.012866533028763394,0.029125641176817263,-0.029030421343745005,-0.007632685854718879,0.015807591267324783,0.005637132336227868,0.026106376363761452,-0.012059761109190492,-0.008920606601249048,-0.000542761882608378,-0.03899917287013932
2014-07-31,-0.0069218891432832885,-0.01677590869505452,-0.028702377542251578,-0.018356901604133058,-0.009572401525966945,-0.017336152219872947,-0.03591276450272707,-0.05334514349969999,-0.008699624983343202,0.003760744985673581,0.013198208814517942,0.04426689699848674
2014-08-31,0.0012867942737655458,0.0013310078942541104,-0.013035271912233082,0.013383501233968698,0.004112615153224031,-0.006675951101974054,-0.03178388654552877,-0.016174607626028514,0.0037642832575381924,-0.017247448081661565,0.011361830605434609,-0.008902966228651055
2014-09-30,-0.049906291834002525,-0.01745208568207446,-0.035140142233909044,-0.03083510433902903,-0.045469840059220834,-0.060752029566264465,-0.014684361489508801,-0.05252269074796523,-0.016093250611016963,-0.013370376801528083,-0.029606784888203785,-0.02267308094540965
2014-10-31,0.0034943357943979514,-0.00435524425287348,-0.01362650975534252,-0.04012856798747433,0.028777808547955308,-0.011209427415877826,0.039806964914568255,-0.10746227575858536,-0.008714515744275064,-0.011669812939763435,-0.00916730328495019,-0.010636536710536437
2014-11-30,-0.04088739118225215,-0.008679396448123988,-0.009419152276295417,-0.02315492253505602,-0.010413812003288392,-0.027822685268347302,-0.04098565710473623,-0.09362417841389725,-0.021732154837956652,0.0006869311351538343,-0.023425843031930627,-0.0077207392197129465
2014-12-31,-0.041576389295543636,-0.03013166414849988,-0.009064976228209343,-0.09305706530800095,-0.05374392220421409,-0.05757655556391539,-0.011946939111806776,-0.2491980785382656,-0.06969928255228242,-0.02183772887619706,-0.0416130416130418,-0.016955995155430337
2015-01-31,-0.02724995417608611,-0.06919275123558488,-0.04567553735926311,-0.035231973852676624,0.004284077295692468,0.02734352354634839,-0.026063650515977255,-0.11340954760392263,0.0034037338960843933,-0.017170216278685646,-0.03358208955223896,-0.008089059746915983
2015-02-28,-0.008981847873877236,0.0003215563326501858,0.010658265183000726,0.026008832441067442,0.007711317659923278,-0.09984518777505236,0.006062954620682071,0.08679943581169658,-0.015613744115528294,-0.02132816286960748,0.0034669255304398128,-0.030100594243989587
2015-03-31,-0.003992901508429458,-0.00583416583416585,0.012601976520527636,-0.033242712002858776,-0.03570374119532649,-0.09030634850306996,0.0007998836532865372,0.08107640296465313,-0.0008536707843727065,0.010613977792292895,-0.016503000545553648,-0.008663175727707029
2015-04-30,0.02519885459751814,0.04575846218136226,0.011659134080041822,0.044145771001725675,0.010893896433368244,0.0770515551768216,0.019505766062603014,0.12802387807626459,-0.015847390616763213,-0.01863692450683474,0.0299199325748003,0.0035548686244204486
2015-05-31,-0.042455465210104903,-0.04141964428777445,-0.06351570087406944,-0.03559539875329343,-0.03153943668369352,-0.07740809459416964,-0.016047981844706904,-0.014803205634421612,-0.012493492972410425,-0.010889205896338683,-0.021443298969072377,-0.01984547795788405
2015-06-30,-0.0031762494328124724,0.006694088232921835,-0.051161504424778625,-0.009975950832813996,-0.0033622782830567965,0.02879420233588914,-0.0248259182270143,-0.04678707595304277,-0.005275251626266408,-0.007082152974503986,-0.030646235842771374,-0.007629571165482574
2015-07-31,-0.04948627910001302,-0.03868816870832692,-0.026522879626930895,-0.033565547815072705,-0.028059438811223525,-0.07435912793483457,-0.0508124896844564,-0.08222582305829151,-0.0477754822294979,-0.0024804546453581766,-0.01535030175806873,-0.011333234244947143
2015-08-31,-0.027775877403023896,-0.030371372725905954,-0.03779940119760483,-0.024782634766445155,-0.04718620658114381,-0.0818049330436934,-0.05482676953185961,-0.14744543740018612,-0.05006516492639812,-0.037067271352985376,-0.10371589840075279,-0.04719419366259503
2015-09-30,-0.011681092111744618,-0.0078317296934437,-0.0047452353169969985,-0.0224501758499408,-0.051182469082230564,-0.08670375067492064,0.010692734387318437,0.05923003876175814,0.007847522386298156,0.026855013970816577,-0.03270204174486713,-0.036006825938566855
2015-10-31,0.017016731933072293,0.01973759269823172,0.050336095044552165,0.009067411144694004,0.0196902654867257,0.031352793390142075,0.016752286224359203,0.029394735809830097,0.030495754394584518,-0.017418626643482704,0.02896769662921317,0.0869968465961779
2015-11-30,0.012531503780453646,-0.01250563316809361,-0.02485488912040479,-0.024420221697759148,-0.042467552643100315,0.023880557434000416,-0.03800724815466461,-0.02898591132565098,-0.007613116574339163,-0.031007981081879854,0.013763644992880852,-0.015342465753424461
2015-12-31,0.008435317707253143,-0.04129612961296125,0.043650793650793496,-0.018069217170572638,-0.08979657421988019,-0.058052832073939964,0.006043723554301383,-0.102956696726198,-0.04473788427028924,-0.007917888563049869,-0.01817334575955265,-0.006892798839106762
2016-01-31,-0.034144669180665055,-0.014826375341396747,-0.04884469143024284,0.01712810346019955,-0.05000183179259232,-0.01563863924167308,-0.01010834357198731,-0.06523537708369542,-0.060634399076418655,-0.016298860522140246,0.008340185598496586,-0.0068456134029906135
2016-02-29,0.018527720593455088,0.0228196197939341,0.019833948339483376,0.00014986454550736106,0.0445270022481945,0.020270694045483317,0.028592764924676883,0.01976237107284251,0.010215809313645519,-0.020223004197227334,0.008649289099525781,0.03466915191053088
2016-03-31,0.0726930582659604,0.06506955177743445,0.04560530679933672,0.044805781391147326,0.05703046523700084,0.10665204475415746,0.03465798916798546,0.1397863944315545,0.06411901980267776,0.05796603073978823,0.07052257737189249,0.010928961748633892
2016-04-30,-0.015268663504645508,0.023005771207210257,-0.012183692596063667,0.015025184605604203,0.02066331796600851,0.017054920231540427,0.005400439205843766,0.02237361469561261,-0.013707289234998532,0.01682959089043279,0.0070251628560482615,0.005532608283754348
2016-05-31,-0.051596727368699025,-0.03324671354325903,-0.014012552911983778,-0.01803753969159083,-0.07430172935443813,-0.014196242171189977,-0.03427829474139754,0.004479518118221781,-0.05684364423988064,-0.014266660672271225,-0.04605824296332417,-0.03372391065543756
2016-06-30,0.03464588840962879,0.006887529339335563,0.05299777942264994,-0.007447258515195676,0.06023974337329063,0.11037275143722591,0.050513776484494954,0.029879036475632725,-0.0035336985559263345,0.01227245145631084,0.015466468695866986,0.03749572617102914
2016-07-31,0.004303388918773576,-0.016871571779837446,-0.009559960635456166,-0.02386726451140142,0.03684901531728668,-0.01586287661024166,-0.00793865584122666,-0.0389058026031186,-0.017898079248614862,-0.018901622265217966,-0.009073075036782674,0.0016362252663630894
2016-08-31,0.006360471344402763,0.007393010937083222,0.029808374733853782,0.03074534533814477,-0.02942065970511354,0.016621312387902876,-0.020298138109828057,0.013908252668630938,0.00010599541887845731,-0.010485699979382312,0.005548021205770137,-0.009423294383716807
2016-09-30,0.017962876721442367,-0.010408417241769441,-0.0016540317022741835,0.029822644467902837,0.07706806819263146,-0.004923379900301672,0.023874519267023997,0.022693569125038282,-0.03367313232187452,0.005881045848455724,-0.020055575691675598,0.024522108515157015
2016-10-31,0.0021567217828899476,-0.005662216889155247,-0.010976114869529319,-0.019602977667493637,-0.016599601206458092,0.042086867294095276,0.014473905659510677,0.01897930704517381,0.04750345345546725,0.0036425810288434057,-0.005646323882748994,-0.0046127234287911545
2016-11-30,-0.03632450763010309,-0.008329614755317905,-0.010539540727298125,-0.029560151060418538,-0.009578468942162077,-0.07803399852180326,-0.02891315652626103,-0.02899728997289963,-0.08947323945450714,-0.01392757660167121,-0.06806986117330938,-0.04021398266002485
2016-12-31,-0.028828584963118353,-0.009429792249889268,-0.024548532731376693,-0.025676680972818722,0.012634238787113228,0.030166440786367543,0.0008922596475575695,0.06777471615298825,-0.012254848746700131,0.014637193942819815,-0.0035698348951360703,0.00818300167379471
2017-01-31,0.052957982022158845,0.03705401482160586,0.05062192652588937,0.05055909582782259,0.04512889388560448,0.03520083233495219,0.03400555098526148,0.02335173946768898,-0.029306513365102482,0.025740398846488155,0.00980060831361973,0.0061374948542343155
2017-02-28,0.016941301038978063,-0.007920566945844532,-0.014523678414096963,-0.006059012631905669,0.012463712757830647,0.03111082214492389,0.013685498515325856,0.020682660797108676,0.07300488605486932,0.011092255476704782,-0.0031443009545197853,-0.0004862721627884037
2017-03-31,-0.003123576495086766,-0.014049247094869655,-0.01892854648320197,-0.01926266254886011,0.011396561715278919,-0.013517197145834658,-0.032162926645294854,0.02055682369012435,0.05611063228151236,0.0006947124662290971,0.00758090065625705,0.004018477485260297
2017-04-30,-0.02441412624844963,-0.012981744421906805,-0.020076890217855636,-0.0069196298667287826,-0.023715951693080495,-0.019849751681649486,-0.004647356487530119,-0.00234148383074817,-0.009137047295460388,-0.0027711492571779184,0.016446233467509952,0.0021452766277756385
2017-05-31,-0.0037470725995317755,0.0037388021026132368,0.03131357163615234,0.020077412613981993,0.005357853825007197,-0.01893425434809448,-0.008250063290196064,0.0018172208764593023,0.01690873699183948,-0.006576431903341784,0.01577102803738306,-0.0026276276276276933
2017-06-30,0.02236550473503951,0.03383084577114426,0.027756252201479148,-0.004067732475641184,0.015205466268886525,-0.01883481339162818,0.013072437749398258,-0.04424145479036867,0.04398227109327335,0.0045321862037175364,-0.0044312115467372015,-0.000562746201464237
2017-07-31,0.04132177112074609,0.042323188001116785,0.018986907944341658,0.05876755890527585,-0.00354813962408862,0.04411764705882337,0.021671277850135784,-0.007934353618032963,0.008160634884899043,0.0020012315270934167,0.0033959621892871716,-0.0006748397255640359
2017-08-31,-0.002775850104094202,-0.006381292112564552,-0.030404950894659,0.02530727511954045,0.001486671814315832,0.00014218234095353388,0.03189763491482789,0.024756435219856154,-0.00030890437974662177,0.0026857654431513556,0.003278304648167474,-0.00046841917895590335
2017-09-30,-0.005187575124944721,0.019970892626132164,0.0006243929512974589,-0.021319229392144368,-0.04032073732718888,-0.007557109484015445,-0.013795537429904359,0.004535293611899416,-0.01847352873116992,-0.010749732783630894,0.011367673179396354,-0.0072358630952369385
2017-10-31,-0.020540540540540442,-0.03272983224494619,-0.04728558552312245,-0.007796821439700619,-0.02908277404921711,-0.015998642352432757,0.012249726107873116,0.008584982411546926,-0.0505106385656392,0.012554500757599119,-0.0030692952425926956,-0.009762387179960141
2017-11-30,-0.016296584859109342,-0.004902914510292122,0.002838221381267658,-0.024999392333681758,0.022415370539798696,0.008181422260934657,-0.02034562677907581,-0.013579114013918758,0.030072665931706988,0.00027837921435236446,0.0377312262648537,0.005184225143491705
2017-12-31,0.025014850504917474,0.014647820593809202,0.025326560232220796,-0.006579979958226345,0.10924826863902415,-0.028263958163296188,0.04241726525383882,0.01133242696986092,-0.06640864531224755,-0.0029298380878953756,-0.00036737692872901295,-0.004203694826505511
2018-01-31,0.042820347714102036,0.03223702979174292,0.04763252884138991,0.07899639149069215,0.03732182334982603,0.04456969639558572,0.025908459548702245,0.027236580940897648,0.06724130415010166,0.008679151371866256,0.04752741966519136,0.012772155207826597
2018-02-28,-0.03766594627971587,-0.042533265696335865,-0.024118362383461878,-0.02672718743264324,0.005930318754632902,-0.025178914967295185,0.01090520793044969,-0.0005550869141766057,-0.015158750812928057,-0.01437988655526612,-0.004914475363798965,-0.026184674691784204
2018-03-31,-0.015912736605710465,-0.005741998060135978,-0.00013845621322261525,0.008135796867111189,0.001803522172713734,-0.02637296770809905,-0.01754530886021588,-0.024623887384948695,0.030679488391124332,0.011098366246085956,0.013716356107660754,-0.0011624105488743375
2018-04-30,-0.013953185107909105,0.0005046192065831789,-0.021879110988021755,-0.018615503302244818,-0.05645645645645614,-0.048586459090714795,0.0011578094245676684,-0.07416749461924366,-0.04127584846981891,-0.0061007548913880605,-0.012143678895564336,-0.011206494019611268
2018-05-31,-0.000793493354492858,0.00015529155990345878,-0.011962907906845177,-0.027627510413681167,-0.006365625621643778,-0.06323619754801113,-0.038540134377608504,0.001194832541970614,-0.03178255853754386,-0.007143184912125178,-0.019305503322050943,-0.0049678341672627635
2018-06-30,-0.023029581099861085,-0.03077965081276335,-0.024645364665424996,0.005568536541987967,-0.08333333333333293,-0.02496256266684005,-0.026752410580242136,-0.01057636006117535,-0.014495035056945715,-0.0006725669127649603,-0.010174959672415773,-0.01325998025109354
2018-07-31,0.003251371672424286,0.012573344509639206,-0.000661084178051996,-0.003757469115437062,0.03701406511782679,0.0362299284846852,-0.0045296972498264365,-0.0027729910670067914,0.06413766256971853,-0.0008247422680413008,-0.006411046726667591,-0.019502074688796944
2018-08-31,-0.015461481331442983,0.013280827735310252,-0.015214994487320666,-0.02030335316581444,-0.0828546652792228,-0.1024693899795327,-0.026692659518631867,-0.07681744833491055,-0.014865884325230616,-0.0071120951110030806,-0.012419335200292037,-0.013306038894574268
2018-09-30,-0.004457550404608379,-0.0013494236033467777,-0.007314524555903978,0.029454173496173297,0.015051491946131534,0.017109704121603064,0.005617342130066039,0.036660732708151844,0.008493045740928906,-0.0021638143659115094,-0.008331320936971753,-0.01693778299513704
2018-10-31,-0.023558586484810906,-0.012488102036931181,-0.018045112781954864,-0.034580812497397306,-0.038262930669601625,0.09277157087091115,-0.04774726260994433,0.0030803168664914615,-0.06536668083881336,-0.018461309965839834,-0.010395507229059575,-0.019404703173819926
2018-11-30,0.019118165784832497,-0.0168444693992138,0.04004594180704468,-0.024902547682027154,0.059366872926194914,-0.041802633785195664,0.034594185027261304,-0.025018353209178557,-0.010794754586512578,-0.003256846780162803,-0.003690476190476244,0.04639157517981762
2018-12-31,-0.02318981032811862,-0.01815575728619212,-0.008760951188986232,-0.020783750163305026,-0.04324324324324336,-0.011664074650077794,-0.02847080389425738,-0.023576717627502797,0.030452021166769372,0.003714710252600506,0.005506344266219987,-0.003190394511147776
2019-01-31,0.019204875628941798,0.030565866222255655,0.015002970885323874,0.039010629068525704,0.07295544680239918,0.054537633252228046,0.04002852210463126,0.04768622964897107,0.03808363822189609,0.003578884580972108,0.016920267802799982,0.031493276716206164
2019-02-28,-0.006744541788346603,0.004489423223253963,0.002487926240304361,-0.006816956226114224,-0.026917495296962746,-0.004549773180425265,0.023429098171762197,0.0003226558430753368,-0.004685816278556798,0.013756613756613634,0.010082380425427306,0.007127583749108268
2019-03-31,-0.010150507525376606,-0.02173589400029774,-0.008686131386861029,-0.01233109868352511,-0.04581588169929096,-0.05590368143113422,-0.04828050064335043,0.014463001096976846,-0.006287370994165653,-0.002563329312424645,-0.00147329650092054,-0.011623811201126433
2019-04-30,-0.004738330975954663,-0.0037080984870959677,-0.026286724099845338,0.004886732521204973,0.015273800225635847,-0.002620901690985722,0.015019293558919955,0.010658940059353528,0.018595920120611176,-6.030999336570364e-05,-0.013325257419745662,0.006737588652480975
2019-05-31,-0.017977687770909023,-0.0031788275301247726,-0.01557773744706592,-0.01981536075361101,-0.024301439458086382,-0.006708553405592066,-0.05008952109737408,-0.015943957432147715,-0.013597112963107283,-0.01166793330055027,-0.015973298366909083,-0.020833333333332482
2019-06-30,0.01049204052098407,0.029412883832426795,0.026424950069134923,0.03273658795123935,0.03451296426068651,0.03860752911813625,0.042764318475832175,0.03661645342015607,0.005639539437612084,0.015633986136755817,0.011332127787823776,0.015873015873015595
2019-07-31,-0.012889366272824887,0.0006853748619730649,-0.01212393354288277,-0.033231424390965936,0.00679072228591604,0.022271833306755973,-0.029621757334112542,-0.0067297318560141095,0.008864075051205678,0.002214537070743594,0.00508905852417274,0.011272026824569847
2019-08-31,-0.02190787087413859,-0.012632053836610257,-0.039090909090909065,-0.028694507730761543,-0.07835487279525344,-0.09425514244791333,-0.03225561522426401,-0.048867615817284715,-0.05210793708497152,-0.02874232089453288,-0.020531687633515205,-0.0166958961767798
2019-09-30,0.0016316843432471195,0.0018078415125606373,-0.009697256385998054,-0.0006079161738861139,0.025205574425108068,-0.0058274500418810105,-0.002739688308827315,0.03650748575985863,0.024570885662114295,0.013255511934438857,0.005489260143197949,0.0074204946996463406
2019-10-31,0.017771195853387933,0.007284039606965553,0.013932011782501474,-0.01792682728264472,0.001361793027486291,0.040204132437141826,-0.017629277990789505,0.004723979811662504,0.019614502002922585,0.00043308144918019487,0.0023923444976081676,0.008768803022742855
2019-11-30,-0.013313932339032442,-0.007903948210320255,0.008793969849246297,0.003983260497607777,0.01648882932704554,-0.05736310410775658,-0.0960886068985759,-0.00039041523571681225,-0.02059012419983397,-0.013974172078161207,0.0019175455417062004,-0.0048244058176656335
2019-12-31,0.021678218551835604,0.009767406506536735,0.03424657534246589,0.028924808952730308,0.04352982828819263,0.044677878015297434,0.08988981120008543,0.03343432682949432,0.03226403610829531,0.023958867344169077,0.008582134654901097,0.009128333631644558
2020-01-31,-0.026991916859122278,-0.0037484381507705278,-0.01881396748946418,-0.027762030394871906,-0.033069734004313456,-0.03225270749558151,-0.051498837326863,-0.010929993218716128,0.014811060366591633,-0.00852119834957843,0.013723808356818745,0.024949550541184973
2020-02-29,-0.02781486426346247,-0.00729186243187363,-0.03413100168737537,-0.02387476787681131,-0.03531976024173977,-0.039588507370867054,-0.02209698947056138,-0.038248912491201326,-0.0236198787625419,-0.01884799859190045,-0.03431546562536958,-0.02189126143908171
2020-03-31,-0.09109636072327776,-0.07205887482124806,-0.0775033748908126,-0.13781144055161265,-0.1305452666034974,-0.13202808266587596,-0.045486717312320124,-0.1745718957932484,-0.21543223796150168,-0.023126191056153544,-0.036374002280501694,-0.1556060606060603
2020-04-30,0.09720473432384802,0.029220662670064845,0.05139020401136274,0.053379596294452325,-0.0475833661954036,-0.06480608111857056,0.014249650040080386,0.07808628142447849,0.0162496614653862,0.03685930768087964,0.008625646923519303,0.07878391631252057
2020-05-31,0.006579450692372646,0.007850940665701911,0.008842312100867833,0.040831929180394466,0.04756936387205801,0.01798977661046619,0.020793004268520043,0.02579219050954329,0.06946950961388465,-0.024648244482763704,-0.00011499540018400367,0.03976886471787844
2020-06-30,0.0484152922398724,0.018498047018940422,0.04406752150624893,0.036763747294865645,0.008237703379134098,0.010501983390884817,-0.001731274498448232,0.0315181071073789,-0.005968661757377758,-0.02238245668711314,0.01767115272088926,0.040311173974539205
2020-07-31,0.038784978976366125,0.016062001572503704,0.034589972794403456,0.057430383236835025,0.04730545262043395,0.020126347659850996,0.08097368750535461,-0.046614547458327826,0.02657861542561024,0.0035969177400549945,0.006715362865221675,-0.027175782593739206
2020-08-31,0.008374624886593462,0.01616953279561706,-0.008865514650638784,0.016051769056222742,-0.021894531781659343,-0.07302526829005018,-0.03556425525424445,-0.03984643892019968,0.0029291971591847155,-0.020102812722029073,0.01774580335731435,-0.00970873786407711
2020-09-30,-0.007889819364661932,-0.016133258469025025,0.002122498483929869,-0.04620802428232473,0.013114516255705144,-0.013856239299558926,-0.0013645248914722075,-0.025756927142677966,-0.00671461069934709,-0.0022101751459551178,0.0034893514619180888,-0.013608870967741882
2020-10-31,-0.014091384722706546,0.002777673510753864,0.007413010590015201,0.0011716681022726494,0.021275983468544313,-0.018305161498201827,0.01834868314752014,-0.014321072584166594,0.04327693761814744,-0.0038908350756704513,0.00024070285232902222,0.017435897435897907
2020-11-30,0.040189627113847104,0.02366954851104719,0.05053311308004216,0.055099575505780374,0.0713348638897997,0.07488463086557262,0.002552954364320792,0.036518201566717146,0.05433618176835475,0.0004848585598313804,0.016702355460385565,0.03375154620957699
2020-12-31,0.04550710835997518,0.019948267753566506,0.029733400042884606,0.037499487551903465,0.04382060938034882,0.03147599231445075,0.08967732824966479,0.02129436741130375,0.00834024166603875,-0.0028180687940319027,0.012199653207827454,0.006939501779359869
2021-01-31,0.00013012361743669487,-0.0013307240704503176,-0.0030540709377387953,-0.010970615663536964,-0.03977646285338576,-0.04267571264835279,-0.040538160337095674,-0.0165939736533276,-0.013823857302117881,-0.007866893262430952,-0.002101099987640409,-1.1102230246251565e-16
2021-02-28,0.030249804839969086,0.01667263539055397,0.02903293183875255,0.022009767648365042,0.041866454777105266,-0.0030501571153437324,0.04666283777555624,0.024294856601090098,-0.013924514474166427,-0.0009310986964619072,0.000742115027828838,-0.002484913028044544
2021-03-31,-0.03813853633895303,-0.00023869196801540316,-0.05230040595399166,-0.010554862441207624,-0.011340049098450877,-0.03846358320042531,-0.0184228841870826,-0.02232889183149811,0.0003421226265245547,-0.0293718933574334,-0.025081393946702057,-0.03029259896729808
2021-04-30,0.019694085209741585,0.015841584158415634,0.03348325837081467,0.03739374016393948,0.03260489510489539,0.043666426233146316,0.02401094711034757,0.010334966637121745,0.024446419406926934,-0.014383023316741017,0.0107251675807436,0.0017241379310350968
2021-05-31,-0.003347711324277247,0.02125464300453994,0.006700746062448193,-0.014013372315950678,0.03698332124728099,0.01893939393939381,-0.044079274565508975,0.015625796151297777,0.005221833555627553,-0.004096328958697604,-0.00965600482800244,0.012039783632873835
2021-06-30,-0.03010141463729732,-0.021642574497294564,-0.041034790365744866,-0.030167805512945622,-0.03422918672853037,0.05750470819175546,0.007958962244716039,0.007426039046593003,-0.0021094397428488287,5.2185257664705276e-05,-0.002167891123690313,-0.011896551724138171
2021-07-31,-0.02271062271062274,-0.01546412244086659,-0.00930232558139521,-0.027298314625792797,-0.03810527875831937,-0.029044398649367587,-0.048029339277893546,-0.008819089937757263,-0.002017468014987034,-0.023815588385124764,-0.019716646989374254,0.0008628127696299615
2021-08-31,-0.009881422924901018,-0.004038484380567864,0.005489346334416778,0.0009617342897871861,-0.007810176288745918,-0.01487800228745717,-0.022231170939678968,-0.004751831899389325,-0.01795427136915173,-0.04232223441883154,0.007493755203996866,0.006251085257855893
2021-09-30,-0.010461834950788118,-0.00925744321970745,-0.012642769915954255,0.011328268033687472,-0.014248064569263974,-0.0326833540773519,-0.025555901588289687,0.017492529110706867,-0.006261158803531508,-0.006603259223359914,0.00448055439393058,0.007346510407556739
2021-10-31,0.04423732350281684,0.03277426673148609,0.0424881775190975,0.03815633167023047,0.009266432373663092,-0.028883258275062662,-0.00464972101673955,0.030202232877439616,0.012530645600653756,0.03330203442879531,0.007281261282946261,0.008467101781620023
2021-11-30,-0.04196363151935001,-0.026310599187408856,-0.04110545048503034,-0.06191495052152973,-0.05476322174312065,-0.0021887507146939322,-0.009578779319660335,-0.057796819257827314,-0.05781749457523544,-0.007036212876518344,-0.013124294791852287,-0.0059617745046485204
2021-12-31,0.009733713411666622,-0.00984259657071429,-0.0047307132459970536,0.022201464909382462,-0.0008227351232532598,-0.014509085786730602,-0.03866359719024859,0.010579871289463583,0.042569753581940484,0.012970495271436233,0.006635581061692708,0.0003508156463780665
2022-01-31,-0.013908971975487128,0.013779449613937622,-0.022376599634369332,-0.012530792679497527,0.046627424300687004,0.044652300674153045,0.05752364306001967,-0.07133443224956137,-0.004648797849931108,0.03120455017660495,-0.0022664917094120662,-0.006967427277476679
2022-02-28,0.011312059213741898,-0.007545093724211083,0.013613583663699469,0.002220869408368964,0.009164179104477865,0.08112757283484107,0.014213358657803488,-0.011849607321748667,0.020495904525406727,0.031007336796443852,0.0014335204873969776,0.0010462074978192515
2022-03-31,0.03921839397914795,0.022008916020723968,0.03217474725112579,0.03482912090155588,0.04307213284898759,0.056796090999842175,0.0024307120145719008,-0.09970012735045264,0.01971579026934367,0.0004822117445346663,-0.004518967772624505,-0.0003486142583221108
2022-04-30,-0.05567736363032372,-0.031205011478152578,-0.06634732251376241,-0.08552789498109026,-0.09452580468321681,-0.05393180236604034,-0.07455068718430669,0.12043262729431059,-0.030627946169063724,-0.024359644537375935,-0.03566513761467893,-0.0055124115933991025
2022-05-31,-0.004925068599169857,0.001363671783682463,-0.009954820430354783,-0.024462460712278755,0.013570364913907396,0.040787186491184624,0.02010125520505679,0.21429988592745342,0.03271452353326931,0.03545331529093354,-0.00796359499431143,-0.014453138346943728
2022-06-30,-0.027504772679063705,-0.003378247194501527,-0.038053987160646674,-0.02582300041568264,-0.030397906565073907,-0.07604944408860148,-0.09410889906862652,0.10607052661116834,-0.01647233936988357,-0.02393279797125969,-0.0010796067958408484,-0.014545944307888914
2022-07-31,0.006834375454413122,-0.0014733821875846376,-0.002251346787810693,0.0031885841567547146,-0.03673642475230754,-0.015000564993031817,-0.0008080567049725262,-0.11477424138855297,-0.018923030118649042,-0.03560192084782232,-0.013177077492430245,-0.01085761865112378
2022-08-31,-0.009893125361062904,-0.015310018326206598,-0.01184624063179951,-0.009290468201306856,-0.01078066696392932,0.024860065624397132,0.03289827470311435,0.0037098103874688704,0.02146728321400193,0.02072471493765682,-0.003798458272818439,0.011453596092301677
2022-09-30,-0.05542994675807744,-0.04307478718351532,-0.07625183493720433,-0.08146293605323818,-0.049723325667294205,-0.034251363064448426,-0.07593560743309646,0.04120171673819706,-0.00987076923076935,-0.025838156878142504,-0.033264931418079624,-0.027518427518426813
2022-10-31,0.0021619952127251985,0.009143531320281673,0.028780789264589046,0.05246597893957561,-0.0016697975370486562,0.007152713243783859,0.012473140820710826,-0.056680161943319374,0.02239838932930649,-0.012099599599599498,-0.017925328807806618,-0.019592098924041457
2022-11-30,0.03197472840742699,0.0003319318433281371,0.06599159014845934,0.029540223544927358,0.05699367554052115,0.01290218300753021,0.06448499589960477,0.013957307060755486,0.025498748290190054,0.03908261174818595,0.059921304103428996,-0.010424943584528168
2022-12-31,0.008735254591608399,-0.002318136659675396,0.018757043954274577,0.008393885610553875,-0.007517699437997405,-0.0022388342883162826,0.04373471526726447,-0.16144578313253044,-0.0022146112842167387,0.009237632856580635,0.005652911249293346,0.0018468396752107097
2023-01-31,0.047960920731255685,0.013424320393780054,0.021414460687475545,-0.004314771926291261,-0.001894077365775737,0.03868513883688385,0.06833379988180721,0.04760187522538817,0.031503174223710184,-0.021744711439720676,0.03778012436935341,0.049281657200134
2023-02-28,-0.036584504555406294,-0.00974853218123406,-0.035277734798081384,-0.03812720043778761,-0.05594848052201751,-0.019705194830284434,0.004938580314444163,-0.08360872438863265,0.025664078463424778,0.01815330327386766,-0.04052684903748738,-0.015557675229418755
2023-03-31,-0.020086503921999954,-0.003312355084465146,-0.0016840417000804075,-0.009554644219008535,0.005081910555056579,0.005624253256530043,0.014620068501839167,-0.020711974110031894,0.013026798774597559,0.019126520065531727,0.0052053864433632135,0.009060736807169123
2023-04-30,-0.011221665295129801,-0.0028624903666188972,-0.015583581010522596,-0.018621640832042652,-0.016786733722985114,0.019095606723553926,-0.023740820092386872,-0.06646525679758264,-0.0004965380265371522,0.0018414486062368063,-0.008638097374915832,0.01550387596899272
2023-05-31,-0.020730876900961093,0.002317369234164701,-0.021868625050999513,-0.046747046338716736,-0.07184759982337752,-0.01386204338233843,-0.008308412190584313,0.018775007694675105,0.02068052876831894,0.017819065857203054,-0.03434080814646312,-0.010340226817878717
2023-06-30,0.019933554817275656,0.02476535112518352,0.014348877951113614,0.030356969481213136,0.05817033251632697,0.05468098469014815,0.016770624559037772,-0.06206697459584287,0.0382209360109913,0.01304329879886068,-0.011987584287701969,-0.00016675004168742458
2023-07-31,0.022877054768578153,0.003328164592866889,0.021465581051073324,0.06719131614653984,0.05966331871551844,0.026397827304526,-0.03104203470222422,-0.037242912729294475,0.016627290152899654,0.010384519142547344,0.02681613364105906,-0.0016647244880980683
2023-08-31,-0.037917499814855815,-0.02291120062081986,-0.03727858293075681,-0.04057354932164403,-0.047561304230665735,-0.03018222067354026,-0.034847600140137325,-0.06399583766909445,0.003444265521560519,-0.025561831999024953,-0.01950431034482769,-0.014599737532808299
2023-09-30,-0.018243399276422045,0.0009617162936932377,-0.006690641465250335,-0.017688909555916954,-0.030500947031546488,-0.029905947386212106,-0.054282401016069626,-0.006718346253230201,-0.0508081179767329,-0.026993897375739873,-0.014443500424808908,-0.01804123711340122
2023-10-31,-0.006664575819351093,-0.019227280972247462,-0.01911257051443982,-0.03707949187528814,0.003539358982762364,0.005608822147349146,-0.018163088267187377,0.035257610614734425,-0.03612255477041448,-0.018994543432723887,-0.015062761506275946,-0.022054190296157183
2023-11-30,0.04530744336569592,0.014239458385458814,0.056909871244635424,0.04701293465164569,0.025404933127226137,0.02326414109895958,0.06246075681031393,0.05360766629086755,0.06608301096535918,0.035480934018851995,0.027459831264441847,0.03085417343293262
2023-12-31,0.03443328550932567,0.02896301063870066,0.029724681231218852,0.05879637443040209,0.014108505997818988,0.012869799492254419,-0.018060976299564935,-0.03139503139503097,0.015416875867568569,0.012005094712880249,0.005022683084899837,-0.002268308489954185
2024-01-31,-0.0037958975107671433,0.0015546792052176794,-0.0012619291742251848,-0.008153056904004474,0.002870813397129135,-0.00665966732542822,0.01221250794414197,0.024328859060402275,-0.00029525524816198523,-0.0033760060498027045,0.0073993471164308655,0.0021432746638962996
